asin,search_keyword,title,brand,price,price_was_imputed,predicted_tier
B0D2HJDH94,wireless earbuds,"Wireless Bluetooth 5.4 Earbuds, LED Power Display Headphones, 6D Stereo",Jxrev,19.99,False,budget
B09JYJ6JKH,wireless earbuds,"Neckband Bluetooth Headphones, 24H Playtime Wireless Noise Isolation",YOSDOM,27.99,False,premium
B0H9LHWBDK,wireless earbuds,"Wireless Earbuds, 2026 Bluetooth 5.4 Headphones Bass Stereo Ear Buds with Noise Cancelling Mic, LED Display in Ear Earphones 50H Playtime Ear Buds, IP7 Waterproof for Laptop Pad Phones Soft Black",XIAOWTEK,19.99,False,premium
B0H7R1LD7B,wireless earbuds,"HAOYUYAN Wireless Earbuds, Sports Bluetooth Headphones, 80Hrs Playtime Ear Buds with LED Power Display, Noise Canceling Headset, IPX7 Waterproof Earphones for Workout/Running（Black）",HAOYUYAN,23.98,False,premium
B0G7H6K1WN,wireless earbuds,"Wireless Earbuds,Bluetooth 5.4 Ear buds,Sport Headphones with Earhooks",KTGEE,16.99,False,budget
B0HBVXBZPZ,wireless earbuds,"Wireless Earbuds, Smart Touchscreen Ear Buds, ANC Headphones, Bluetooth 5.4",Bucephalus,16.99,False,budget
B0FLJYT87N,wireless earbuds,"Hupoaf Wireless Earbuds Sport, NEW Bluetooth 5.4 Headphones with Earhooks, 50H Stereo Deep Bass Over Ear Buds with 4 ENC Noise Canceling Mics, IP7 Waterproof Earphones for Running Workout Gym -Pink",Hupoaf,21.99,False,mid-range
B0H5W2YR99,wireless earbuds,"HAOYUYAN Wireless Earbuds, Sports Bluetooth Headphones, 80Hrs Playtime Ear Buds with LED Power Display, Noise Canceling Headset, IPX7 Waterproof Earphones for Workout/Running（Rose Gold）",HAOYUYAN,23.98,False,premium
B0HBW8PTYN,wireless earbuds,"Wireless Earbuds, Bluetooth 5.4 Headphones HIFI Stereo/Crystal clear, White",Fhumsh,19.99,False,budget
B0HDB6MTYJ,wireless earbuds,"Wireless Earbuds, Bluetooth 5.3 Headphones HiFi Stereo 50H Playback LED Digital Display Ear Buds with ENC Noise Canceling Headset, IPX7 Waterproof Earphones for Gym/Running/Work（White）",Fhumsh,19.98,False,budget
B0H9LRGB3B,wireless earbuds,"Wireless Earbuds, Bluetooth 5.4 Ear Buds Bass Stereo, Headphones with Noise Cancelling Mic, LED Display in Ear Earphones Clear Calls, IP7 Waterproof Bluetooth Earbuds for Phone/Android/iPad Dark Black",XIAOWTEK,19.99,False,budget
B0F4MZBZRH,wireless earbuds,"Wireless Earbuds, 2026 Bluetooth 5.4 Headphones Sport, 60Hrs HiFi Stereo Deep Bass Over-Ear buds with ENC Noise Cancelling Mic, IP7 Waterproof & LED Display Earphones with Earhooks for Workout/Running",Rolosar,22.99,False,premium
B0DD41G2NZ,wireless earbuds,"TOZO NC9 Hybrid Active Noise Cancelling Wireless Earbuds, 60H, LED Display",TOZO,26.55,False,budget
B0H8Y9LL1G,wireless earbuds,"Wireless Earbuds Bluetooth Headphones, 54H Playtime Stereo Over Ear Buds with ENC Noise Cancelling, LED Power Display, IPX7 Waterproof Sport Earphones with Earhooks for Running/Workouts (Black)",TRAUSI,20.99,False,mid-range
B0H6ZWLNZ3,wireless earbuds,"Wireless Earbuds with Smart Touchscreen Case, Bluetooth 6.0 Ear Buds with AI Noise Cancelling Calls, 40H Playtime Stereo Headphones, IPX7 Waterproof Earbuds for Workout, Travel, iPhone,Android,Orange",Bucephalus,16.99,False,budget
B0FHWGB7FW,wireless earbuds,"Wireless Earbuds, Bluetooth 5.4 Headphones Bass Stereo/Clear Calls, Black",Btootos,22.79,False,mid-range
B07PBS21V8,wireless earbuds,"Senso Bluetooth Headphones, Best Wireless Sports Earphones w/Mic IPX7 Waterproof HD Stereo Sweatproof Earbuds for Gym Running Workout 8 Hour Battery Noise Cancelling Headsets (Black Blue)",Senso,21.97,False,budget
B0D9R4GYTN,wireless earbuds,"Sony WF-C510 Truly Wireless Bluetooth Earbud Headphones, Black",,21.97,True,premium
B0G1PJLWLZ,wireless earbuds,"Samsung Galaxy Buds 4 Pro (2026) AI True Wireless Bluetooth Earbuds, Black",,249.99,False,premium
B09FT58QQP,wireless earbuds,TOZO A1 Wireless Earbuds Bluetooth 5.3 Light Weight in Ear Headphones,TOZO,13.99,False,budget
B0FNRXZV67,wireless earbuds,Samsung Galaxy Buds Core SM-R410 (2025) | Latin American Stock | Bluetooth 5.4 | Active Noise Cancelation | up to 35h Continuous Music Playblack - (Black),,42.72,False,premium
B0DCVKYQ99,gaming mouse,"Uineer Wired Mouse, USB-A Computer Mouse with 6 Buttons,Adjustable",Uineer,12.99,False,budget
B011HMDZ0Q,gaming mouse,"Redragon M602 Gaming Mouse, Ergonomic RGB Gaming Mouse Wired with 7200 Adjustable DPI, 9 Programmable Buttons, Professional Software for Gamer Office [Black]",Redragon,17.99,False,budget
B0G12HGHGM,gaming mouse,Logitech G PRO X2 SUPERSTRIKE Wireless Gaming Mouse - Black/White,,179.95,False,premium
B09C13PZX7,gaming mouse,"Razer Basilisk V3 Customizable RGB Wired Ergonomic Gaming Mouse, Black",,34.98,False,mid-range
B0BXBC26X8,gaming mouse,"Razer Basilisk V3 X HyperSpeed Customizable Wireless Gaming Mouse, Black",,48.99,False,premium
B094PS5RZQ,gaming mouse,"Razer DeathAdder Essential Ergonomic Wired Gaming Mouse, Black",,20.98,False,budget
B0GWPXKLHB,gaming mouse,"120 Pack Wired USB Silent Computer Mouse Bulk, 3 Button 1000 DPI Corded Mice for Laptop Desktop Home Office School Lab PC Gaming",WYQQXZYKJ,115.99,False,budget
B0CCF6J2Q6,gaming mouse,"ATTACK SHARK X3 49g Ultra-Lightweight Wireless Gaming Mouse, White",MANBASNAKE,33.99,False,mid-range
B0CF4DJM7F,gaming mouse,"Razer Viper V3 HyperSpeed Wireless PC Gaming Mouse, 82g, Black",,57.0,False,mid-range
B0GMLBSSTD,gaming mouse,"Razer Viper V4 Pro Wireless Esports Gaming Mouse, 49g,180Hr Battery, Black",,159.99,False,premium
B092CB69Q4,gaming mouse,Logitech G502 X Plus Wireless RGB Gaming Mouse - Black,,159.97,False,premium
B0DP3VPWN3,gaming mouse,"USB C 20FT Wired Mouse for Mac and Windows - 1600DPI Simple 3 Keys Wired Computer Mouse, Wired, Scroll Wheel Layout with Long Lines - Plug & Play for Laptops, PC Desktops, Laptops",YOTETION,16.9,False,budget
B0F1D7P51F,gaming mouse,"INPHIC A9 V2 Explorer Wireless Gaming Mouse, 12800 DPI Silent Mouse",INPHIC,19.99,False,budget
B0CF4L9LPR,gaming mouse,"ATTACK SHARK X3 49g Ultra-Lightweight Wireless Gaming Mouse, White&Tape",MANBASNAKE,38.69,False,mid-range
B09726KT4R,gaming mouse,"ASUS ROG Spatha X Wireless Gaming Mouse – MMO/MOBA Design, 12 Programmable Buttons, Right-Handed, 168g, Dual-Mode (Wired/2.4GHz), 19K DPI, up to 67Hr Battery, Magnetic Charging Dock, PC/Mac Support",,119.99,False,premium
B0G4V76JFT,gaming mouse,"Aula SC620 Wireless Gaming Mouse, Tri-Mode 2.4GHz/USB-C/BT5.3 Computer Mouse with 12000 DPI, Programmable Macro Gamer Mouse with Rapid Fire Key, RGB Light Gaming Mice for PC/Laptop/Mac",Strikonx,28.99,False,mid-range
B09YD8VLN3,gaming mouse,"Macally USB C Mouse Wired - Precise, Comfortable, and Quiet - Type C Mouse for Mac, MacBook Pro/Air, iMac, Apple iPad, Windows Computer PC, Laptop - USBC with 4 DPI Modes",Macally,19.99,False,premium
B0H4SBT4SH,gaming mouse,Razer Naga V3 Pro Wireless MMO Gaming Mouse with Swappable Side Plates,,179.99,False,premium
B0GZY5VR22,gaming mouse,"Redragon Wireless Gaming Mouse, Tri-Mode 2.4G/Bluetooth/USB-C, 7 Programmable Buttons, Tactile Rapid Fire Key, 24000 DPI RGB Ergonomic Mouse for PC Windows Gaming & Work, M814W",Redragon,37.69,False,mid-range
B0C51934VF,gaming mouse,"Razer Cobra Pro Wireless Gaming Mouse, 2.4 Ghz, 170 Hr Battery, Black",,79.99,False,premium
B0DCVP49FN,gaming mouse,"Uineer Wireless Mouse, 2.4GHz Rechargeable Computer Mouse, Battery Display",Uineer,14.99,False,budget
B0DT6Z3R4F,USB-C hub,"Powered USB Hub 10Gbps, intpw 9-Port USB 3.2 Hub, USB C Hub with USB A/USB C 3.2, 4 USB 3.0, 2 PD 45W Charging Ports, 65W Power Adapter and 3.3FT Cable, Aluminum USB Hub for PC,Laptop,iPhone 17/16/15",intpw,45.99,False,premium
B0GTM35PHV,USB-C hub,"Type C To 2 Port Type C & 2 Port Wozoyo USB 3.2 Hub, Data Transfer Upto 5Gbps, Plug & Play, Multiport Type C Hub With 30cm Cable, Compatible With MacBook,Tablet, Smartphones And Type C Enabled Devices",Wozoyo,21.99,False,mid-range
B0DXJQT19B,USB-C hub,"Anker USB C Hub, 7in1 Multi-Port USB Adapter, 4K@60Hz USBC to HDMI Splitter",Anker,32.99,True,mid-range
B0BR3M8XHK,USB-C hub,"UGREEN USB C Hub 5 in 1 Multiport USB Adapter 4K HDMI, 100W Power Delivery",UGREEN,11.98,False,budget
B0DKT8BB4M,USB-C hub,"Anker USB-C Hub, 5-in-1 USB Hub for Laptops, 4K HDMI Multiport Adapter",Anker,32.99,True,budget
B0F5HSNDXF,USB-C hub,"Acer 10 Gbps USB C Hub, USBC Splitter with 4*USB C 3.2 and 100W PD Port",,32.99,True,premium
B0H1RRYP7S,USB-C hub,Yottamaster USB C Hub 5-in-1 with 4K@60Hz HDMI for MacBook/iPad/iMac,Yottamaster,14.99,False,budget
B0G11F8FHR,USB-C hub,"Rosonway 7 Ports Powered USB 3.2/USB C Hub 10Gbps with 4 USB-C 3.2, 3 USB-A 3.2 Ports, 3.3ft Cable and 36W(12V/3A) Power Adapter, Aluminum USB Splitter for Laptop, RSH-H7C4",Rosonway,32.99,False,budget
B0BY27XSJ3,USB-C hub,"Belkin 100W 10Gbps Multiport USB-C Hub Adapter for Laptop, iPad, PC, & More",,39.99,False,mid-range
B0CR6JBJDH,USB-C hub,"UGREEN USB C Hub 4 Ports, Multiple USB 3.2 Hub, 4x10Gbps Data Transfer",UGREEN,15.98,False,budget
B0CSYYKB97,USB-C hub,"BENFEI USB C Hub 5-in-1 with 4K HDMI(Certified), 100W Power Delivery, 3 USB-A, Silicone Cable, Aluminum Case Compatible with MacBook Pro/Air, iPad Pro, iMac, iPhone 15 Pro/Pro Max, XPS, Thinkpad",BENFEI,8.94,False,budget
B0BL9F5S6R,USB-C hub,"VANGREE USB C Hub 8 in 1, 3 USB-C+3 USB-A 3.2 10Gbps, 4K60Hz HDMI, 100W PD",VANGREE,39.99,False,mid-range
B0D1XLNWP2,USB-C hub,UGREEN Revodok Pro USB-C Hub 6 in 1 10Gbps 4K 60Hz HDMI,UGREEN,16.14,False,premium
B0BW2TLQ8S,USB-C hub,UGREEN Revodok 6 in 1 USB C Hub Gigabit Ethernet Adapter with 4K HDMI,UGREEN,19.99,False,mid-range
B087QZVQJX,USB-C hub,"Anker USB-C Hub, 8-in-1 Multiport Ethernet Adapter with 4K@60Hz HDMI Port",Anker,32.99,True,mid-range
B09T9PXW35,USB-C hub,"Hiearcool USB C Hub, USB C Dock, 4K@60Hz HDMI, 1Gbps Ethernet, Space Gray",Hiearcool,32.99,True,premium
B0GLJ4P85L,USB-C hub,"VANGREE Powered USB Hub,16 Ports 10Gbps USB C Hub, 8*USB-A 3.2+8*USB-C 3.2",VANGREE,79.99,False,premium
B0G13RQ2SZ,USB-C hub,"ACASIS 16 Ports Powered USB 3.2 Hub (8 USB-A 3.2 +8 USB-C 3.2), 10Gbps",ACASIS,79.99,False,premium
B0874M3KW4,USB-C hub,"Anker Laptop Docking Station Dual Monitor, 8-in-1 USB C Hub with 4K HDMI",Anker,63.94,False,premium
B0GWH4ZZ7T,USB-C hub,"Anker Nano Laptop Docking Station Dual Monitor,8-in-1 USB C Hub for Windows",Anker,32.99,True,premium
B0CN3F9Y1Z,USB-C hub,"Acer USB Hub 4 Ports, Multiple USB 3.0 Hub, USBA Splitter for Laptop/PC 2FT",,32.99,True,premium
B0GQ3NZ83X,USB-C hub,600W USB C Charging Station with Charging Stand (Black),URVNS,69.99,False,budget
B0D14N2QZF,mechanical keyboard,"AULA F75 Pro Wireless Mechanical Keyboard,75% Hot Swappable Custom Keyboard with Knob,RGB Backlit,Pre-lubed Reaper Switches,Side Printed PBT Keycaps,2.4GHz/USB-C/BT5.0 Mechanical Gaming Keyboards",AULA,69.99,False,mid-range
B0CF3VGQFL,mechanical keyboard,"Redragon Mechanical Gaming Keyboard Wired, 11 Programmable Backlit Modes, Hot-Swappable Red Switch, Anti-Ghosting, Double-Shot PBT Keycaps, Light Up Keyboard for PC Mac",Redragon,29.99,False,mid-range
B09LK1P1RD,mechanical keyboard,Logitech MX Mechanical Wireless Illuminated Keyboard Tactile - Graphite,,67.99,True,premium
B08Z6X4NK3,mechanical keyboard,Logitech G413 SE Full-Size Mechanical Gaming Keyboard - Black,,89.49,False,premium
B0CLLHSWRL,mechanical keyboard,"AULA F99 Wireless Mechanical Keyboard,Tri-Mode BT5.0/2.4GHz/USB-C Hot Swappable Custom Keyboard,Pre-lubed Linear Switches,RGB Backlit Computer Gaming Keyboards for PC/Tablet/PS/Xbox",AULA,65.54,False,mid-range
B0G3PTHM36,mechanical keyboard,"AULA F75 75% Wireless Mechanical Keyboard, Hot Swappable Creamy Keyboard, Pre-lubed Linear Switches, 2.4GHz/Type-C/BT5.0, RGB Backlit Gaming Keyboards(White&Brown)",AULA,67.99,False,mid-range
B0DZ28ZGYL,mechanical keyboard,"AULA S99 Gaming Keyboard, Wireless Green Creamy Computer Keyboards",AULA,35.99,False,budget
B0DT43NNNF,mechanical keyboard,"AULA WIN68 HE Mechanical Gaming Keyboard 60%, Hall Effect Magnetic Switch, Fast Trigger Mode Adjustable Actuation, 8000Hz Polling Rate, RGB Backlit, Wired Black Keyboard for Laptop/PC Gamer",AULA,39.99,False,budget
B0DBZGH5XM,mechanical keyboard,"Kisnt KN85 Wireless Mechanical Keyboard, 75% Layout, Bluetooth/2.4GHz/USB-C, Custom RGB Backlit, Hot-Swappable Linear Switch, Creamy Sound for Gaming/Typing (Retro Beige)",Kisnt,48.99,False,budget
B0DWMX5TXV,mechanical keyboard,"RK ROYAL KLUDGE R98 Pro Wired Mechanical Keyboard, 96% Creamy Gaming Keyboard RGB Backlit with Number Pad and Volume Knob, Gasket Mount, MDA Profile PBT Keycaps, Hot Swappable Pre-lubed Linear Switch",RK ROYAL KLUDGE,69.99,False,mid-range
B07ZGDD6B1,mechanical keyboard,SteelSeries USB Apex 5 Hybrid Mechanical Gaming Keyboard – Per-Key RGB Illumination – Aircraft Grade Aluminum Alloy Frame – OLED Smart Display (Hybrid Blue Switch),,98.97,False,premium
B09TR4Y91J,mechanical keyboard,"RisoPhy Mechanical Gaming Keyboard, RGB 104 Keys Ultra-Slim LED Backlit USB Wired Keyboard with Blue Switch, Durable Abs Keycaps/Anti-Ghosting/Spill-Resistant Computer Keyboard for PC Mac Xbox Gamer",RisoPhy,28.99,False,budget
B0CLH89X2K,mechanical keyboard,Cherry KC 200 MX Wired Mechanical Office Keyboard MX2A Silent RED Switches,Cherry,94.99,False,premium
B0CQ2MSP2B,mechanical keyboard,RK ROYAL KLUDGE S98 Wireless Mechanical Keyboard w/Smart Display & Knob,RK ROYAL KLUDGE,74.99,False,premium
B0C8QYB8W6,mechanical keyboard,"Razer BlackWidow V4 X Mechanical Gaming Keyboard, Yellow Switches, Black",,99.99,False,premium
B0C9ZJHQHM,mechanical keyboard,Womier SK80 75% Keyboard with Color Multimedia Display Gaming Keyboard,Womier,51.29,False,mid-range
B0DY2SWV16,smartwatch,"WHOOP 5.0/MG Activity Tracker - 12 Month Membership - Health and Fitness Wearable – 24/7 Activity and Sleep Tracker, Personalized Coaching, Menstrual Cycle Insights – 14+ Days Battery Life",WHOOP,239.0,False,premium
B0GRWVNYPN,smartwatch,"WHOOP 5.0/MG Navigator Band, Rugged Outdoor Performance Accessory",WHOOP,79.0,False,mid-range
B0HDN4SV8F,smartwatch,"Smart Watch for Men Women, 1.83"" HD Touchscreen Fitness Tracker, Smartwatch with Bluetooth Calling, 130+ Sports Modes, Heart Rate Sleep Step Monitor, IP68 Waterproof, Compatible with iOS & Android",ganopterygon,19.95,False,budget
B0CG6NR413,smartwatch,"Garmin vívoactive® 5, Health & Fitness GPS Smartwatch, 42mm, Black",,169.95,False,premium
B0FWR4VJ87,smartwatch,"Smart Watch for Men Women (Answer/Make Call), 1.83"" HD Touchscreen Fitness Tracker, 110+ Sport Modes, Fitness Watch with Heart Rate/Sleep Monitor/Step, IP68 Waterproof Smartwatch for iPhone Android",Coucur,14.99,False,budget
B0CG6NBJ61,smartwatch,"Garmin vívoactive® 5, Health & Fitness GPS Smartwatch, 42mm, Ivory",,174.95,False,premium
B0FWQZNYQX,smartwatch,"Smart Watch with Alexa Built-in, 1.83"" HD Bluetooth Calling Fitness Tracker",Cillso,29.99,False,budget
B0H94JPT4S,smartwatch,"Smart Watch for Women, Bluetooth Answer/Make Calls, 1.83""HD Screen, 2 Bands",KIPTUMTEK,199.99,False,premium
B092RCLKHN,smartwatch,"Garmin Forerunner 55, GPS Running Watch with Daily Suggested Workouts, Up to 2 Weeks of Battery Life, Black - 010-02562-00",,129.0,False,mid-range
B0DYJKTHYF,smartwatch,"Amazfit Bip 6 Smart Watch, 1.97"" AMOLED Display, GPS, iOS/Android",Amazfit,79.0,False,budget
B0D7VG4754,smartwatch,"Smart Watch for Women, Answer/Make Call, 1.32'' AMOLED Ultra-Clear Screen",aeac,64.98,False,budget
B0H9XRR9K4,smartwatch,"Smart Watch with Alexa Built-in,1.91""HD Fitness Tracker with Bluetooth Call",uaue,69.99,False,budget
B0G4F6ZCSV,smartwatch,"Amazfit Active Max Smart Watch, 1.5"" AMOLED Display, GPS, iOS/Android",Amazfit,169.99,False,budget
B0HBQ5M712,smartwatch,"Smart Watch for Men Women with Alexa Built-in, Bluetooth Calling, 1.83'' HD Touch Screen Fitness Tracker with Heart Rate/Sleep Monitor, 120+ Sports Modes, IP68 Water-Resistant Watch for Android & iOS",BOOOMIC,23.99,False,budget
B0CW3VWC3X,smartwatch,"SAMSUNG Galaxy FIT 3 [2024] 1.6"" AMOLED Display | 14 Days Battery Life | 100+ Watchfaces | 100+ Exercise Modes | International Model - (Gray)",,41.36,False,budget
B0DYF64BV2,smartwatch,"XIAOMI Mi Smart Band 10 (2025) Global Version - 1.72"" AMOLED Display | 21 Days Battery Life | Touchscreen, Multi-Sport Tracker, Activity Tracker, Heart Rate Monitor | BT5.4 - (Mystic Rose)",XIAOMI,52.99,False,premium
B0CPLT23TZ,smartwatch,"Smart Watches for Men Android & iPhone, 1.8"" HD Alexa Built-in Smartwatches Fitness Tracker Watch with Bluetooth Calls, IP68 Waterproof, Heart Rate/Sleep/SpO2 Monitor, 110 Sport Modes - Black",Fitpolo,44.98,False,mid-range
B0CTCLBST5,smartwatch,"SAMSUNG Galaxy FIT 3 [2025, 40MM] 1.6"" AMOLED Display | IP68 Water Resistant | 14 Days Battery Life | 100+ Watchfaces | 100+ Exercise Modes | International Model (Fast Charger Bundle, Black)",,43.99,False,mid-range
B0F7Q5RB96,smartwatch,"Samsung Galaxy Watch 8 Classic (2025), White, 46mm, Bluetooth Smartwatch",,463.58,False,premium
B0F8QZ7233,smartwatch,"Garmin Forerunner® 970, 47mm, Carbon Gray DLC Titanium, Black/Whitestone",,749.99,False,premium
B0FSKL8NH1,smartwatch,"Smart Watch for Women, 1.85"" HD Smartwatch (Answer/Make Calls), 2 Bands",aeac,43.17,False,budget
B0GZZVM9DX,smartwatch,"iWatch Charger Fast Charging, 6.6FT 2 in 1 iWatch & Lightning Charging Cord",ProTVSolutions,25.99,False,budget
B0CC1F7SDR,phone case,"ESR for iPhone 15 Pro Max Case Flex Stand, for MagSafe, Clear",ESR,26.99,False,mid-range
B0DTKCYBR5,phone case,"SKYLMW Compatible with iPhone 16 Pro Case with Stand,Desert Brown",SKYLMW,25.49,False,mid-range
B0CGCMS31N,phone case,"OtterBox iPhone 17e, 16e, 15, 14, & 13 Commuter Series Case - Black, Slim & Tough, Pocket-Friendly, with Port Protection - Thin & Protective iPhone Case, Dual-Layer, Impact Absorbing iPhone Case",,38.4,False,premium
B0D9VS4PV7,phone case,SUPFINE Magnetic for iPhone 13 Case/iPhone 14 Case Black,SUPFINE,9.99,False,budget
B0DFH8SNK5,phone case,"FNTCASE for iPhone 15/14/13 Case, Fit for Magsafe, Glass Screen Protector",FNTCASE,8.99,False,budget
B0CFVDX4HT,phone case,FNTCASE for iPhone 15/14/13 Case Compatible with Magsafe Clear Phonecase,FNTCASE,6.99,False,budget
B0GT7WSNS5,phone case,"CHAOFEnG Compatible with iPhone 13 Pro Max Case with Stand, Clear",CHAOFEnG,25.49,False,budget
B0FGC514QH,phone case,"TORRAS for iPhone 17 Pro Case Crystal Clear, Upgraded Anti-Yellowing, 6.3''",,13.99,False,budget
B08DY8GJN4,phone case,"OtterBox iPhone 12 & iPhone 12 Pro Commuter Series Case - Black, Slim & Tough, Pocket-Friendly, with Port Protection",,19.49,False,mid-range
B099JVC9HL,phone case,"ESR for iPhone 14/13 Case for MagSafe, Anti-Yellowing, Clear",ESR,12.99,False,budget
B01K6PAZ1M,phone case,OtterBox iPhone 8/7 & SE (3rd/2nd Gen) Commuter Series Case - Black,,18.99,False,mid-range
B0FGCLY8J2,phone case,"TORRAS for iPhone 17 Pro Max Case, 360 Magnetic Stand, O3 Fitness Series",,39.99,False,premium
B0CGCLFTRX,phone case,"OtterBox iPhone 15 Pro (Only) Commuter Series Case - Black, Slim & Tough, Pocket-Friendly, with Port Protection",,33.22,False,premium
B0CC1FTGMB,phone case,"ESR for iPhone 15 Case for MagSafe, Anti-Yellowing, Clear",ESR,13.99,False,budget
B0FLDWKJDM,phone case,CASETiFY for iPhone 15 Pro Max Case - Compact Compatible with MagSafe,CASETiFY,40.0,False,premium
B09D51Z5TR,phone case,"OtterBox iPhone 13 (ONLY) Commuter Series Case - Black, Slim & Tough, Pocket-Friendly, with Port Protection",,21.89,False,mid-range
B0CBTWV1RZ,phone case,"SUPCASE for Samsung Galaxy Z Flip5 5G Case with Kicktand, Black",SUPCASE,34.99,False,budget
B0CGCH8223,phone case,"OtterBox iPhone 16e, 15, iPhone 14, and iPhone 13 Symmetry Series Clear Case (Clear), Snaps to MagSafe, Ultra-Sleek, Raised Edges Protect Camera & Screen, Ultra-Thin, Sleek iPhone Case",,54.0,False,premium
B0CC1F4V7Q,phone case,"ESR for iPhone 15 Pro Max Case for MagSafe, Anti-Yellowing, Clear",ESR,14.98,False,budget
B0CDZJJC48,phone case,kate spade new york iPhone 15 Pro Case - Tortoiseshell,,50.0,False,premium
B0FG5TDTNT,phone case,OtterBox iPhone 16 Pro Symmetry Series Clear Case - Floral Romance Blue,,15.16,False,premium
B0GSZBDJ85,phone case,"Magnetic for iPhone 14 Case/iPhone 13 Case,[3 Stand Ways] [Military Grade Shockproof] Crystal Clear with Invisible Stand Slim Phone Case for iPhone 14/13 6.1'',Clear",Tecival,12.99,False,budget
B0FMB4ZY6F,portable charger,"Belkin Qi2.2 25W Wireless Fast Charging Station, 3 in 1 iPhone Charger",,129.95,False,premium
B0FMB7M8JB,portable charger,Belkin Qi2.2 25W Wireless 3 in 1 Foldable Fast Charging Station for iPhone,,99.99,False,premium
B0H14P6BZZ,portable charger,"Portable Charger, 40000mAh Power Bank with Built in Cables",Ciunedr,23.28,True,budget
B0CXHNGDC1,portable charger,UGREEN Nexode 20000mAh 130W Portable PD Power Bank for MacBook Pro 16,UGREEN,23.28,True,budget
B0DZ1TGX6T,portable charger,UGREEN 10000mAh 22.5W PD3.0 Compact Power Bank for iPhone 17 Galaxy S25,UGREEN,23.28,True,budget
B0H33LG43X,portable charger,CFIAI Portable Charger 15000mAh Slim Power Bank with Built in Cables,CFIAI,23.28,True,premium
B0FBQZ5CYD,portable charger,"Belkin Qi2 15W Wireless Fast Charging Station, 3 in 1 iPhone Charger",,79.99,False,premium
B0FTL9CR3T,portable charger,"Portable Charger with Built-in Lightning Connector Compatible with iPhone - 100g Super Small, Lightweight Design, White",Generic,13.99,False,mid-range
B0G4FQ6CZT,portable charger,"Power Bank Case for Anker MagGo 633/622/621/321 Portable Charger, Box Only",casmilee,12.99,False,budget
B0D7H21MNQ,portable charger,"miisso 6000mah Ultra Slim Power Bank, Card Size, 2-Pack Black & White",miisso,23.28,True,budget
B0BXN2J619,portable charger,Portable Charger Power Bank Case for Swyop/for Feob/for Charmast/for JEJILL/for LanLuk/for VEGER/for iWALK/for Taegila/for Kuulaa and More Small Charging Battery Pack - Bag Only (Green),casmilee,8.99,False,budget
B0DL86NC5Z,portable charger,"Belkin Qi2 15W Wireless Charging Station, 3 in 1 iPhone Charger",,23.28,True,premium
B07W46BX31,portable charger,"NOCO GENIUS1 1A 6/12V Smart Battery Charger, Trickle Charger & Maintainer",NOCO,23.28,True,premium
B0GGPBR4YP,portable charger,MagSafe 25W Wireless Charger for Apple Magnetic Fast Charging Pad,SMILE STATION,13.97,False,premium
B0BN81XGG7,portable charger,"iWALK Charger Station for Portable Charger 4500mAh, 4800mAh, 5000mAh Power Bank for iPhone Charging Station Multiple USB-C Family-Sized Charger Station for Home(Station Only), White",iWALK,25.64,False,mid-range
B0C8HHV9DK,portable charger,"Anker Phone Charger, 20W USB C Charger Block, Type C Charger Fast Charging",Anker,23.28,False,mid-range
B0H9QF7FYV,portable charger,3 in 1 Magnetic Wireless Charging Station Foldable Stand for Apple Devices,ANTBOOK,49.99,False,mid-range
B0F6NFHB31,portable charger,"UGREEN Magflow Air 5000mAh 3.4"" Ultra-Slim Qi2 Power Bank 20W",UGREEN,23.28,True,budget
B07W3QT226,portable charger,"NOCO GENIUS10 10A 6/12V Smart Battery Charger, Trickle Charger & Maintainer",NOCO,23.28,True,premium
B0DNNWJ1LL,portable charger,Portable Bank Charger Case for charmast for citicr for VRURC for OHOVIV Fast Charging Battery Protective Case(Pink),worfty,9.99,False,budget
B07W8KJH44,portable charger,"NOCO GENIUS5 5A 6/12V Smart Battery Charger, Trickle Charger & Maintainer",NOCO,69.95,False,premium
B0H8NBZD6F,portable charger,2 in 1 Charging Cable Only Compatible with Fit-bit Air,CXAKDBFA,10.99,False,mid-range
B0DSPJPRXD,webcam HD,"EMEET C960 1080P Webcam with Microphone, 2 Mics, 90° FOV, Computer Camera",EMEET,28.49,False,budget
B0G2L2YC9D,webcam HD,4K Conference Room Camera System AI Auto-Tracking 4K PTZ Camera 3X Optical Zoom 93° Wide Angle USB3.0 HDMI Output and Wireless Bluetooth Speakerphone with Mics for Conferencing Worship Church Medical,TONGVEO,349.0,False,premium
B085TFF7M1,webcam HD,Logitech C920x HD Pro PC Webcam Full 1080p/30fps Video - Black,,69.99,False,premium
B0H48V9BDW,webcam HD,"TRAUSI 1080P FHD Webcam with Noise-Canceling Mic, Auto Light Correction, Privacy Cover and Wide Angle Lens, Plug & Play USB Camera for Laptop/Desktop/PC/Mac, Compatible with Zoom/Teams/Streaming",TRAUSI,16.99,False,budget
B0BFJ4CRKD,webcam HD,Logitech MX Brio Ultra HD 4K Webcam Collaboration and Streaming - Graphite,,199.19,False,premium
B0GJD6PHTZ,webcam HD,Acer 1080p Webcam USB Plug and Play Webcam for PC with Noise Cancellation Microphones Computer Camera for Desktop Streaming Gaming Online Meeting Wide Angle Privacy Cover A-to-C Adapter Easy Setup,,29.98,False,premium
B07K986YLL,webcam HD,Logitech C920S HD Pro Webcam Full 1080p/30fps Video Calling Clear Stereo,,59.99,False,premium
B0CY2C7H6S,webcam HD,"EMEET NOVA 4K Webcam for PC, Ultra 4K HD, PDAF Autofocus, Dual Omni Mics",EMEET,39.99,False,mid-range
B0CJHZ92P6,webcam HD,"EMEET C960 4K Webcam for PC, PDAF Auto Focus, Dual Omni Mics, 73° FOV",EMEET,49.99,False,mid-range
B08VJ25PL1,webcam HD,"Tewiky Full HD Webcam with Built-in Microphone and Rotatable Tripod, 1080P Video and Wide Angle Camera, Privacy Cover, for Desktop PC or Laptop Computer",Tewiky,15.39,False,budget
B07M6Y7355,webcam HD,"EMEET 1080P Webcam with Microphone, C960 Web Camera 2 Mics Streaming Webcam",EMEET,33.14,False,budget
B0F21J9J7V,webcam HD,"Gohero Full HD 1080P Video Webcam, Noise Cancellation, Privacy Cover, Wide-Angle Lens, Auto Light Correction, Plug & Play USB Webcam for Laptop, Desktop, PC, Mac, Zoom, Skype Pro Series",Gohero,19.99,False,budget
B0CQJVSL1Z,webcam HD,"Acer 4K Webcam for PC/Mac with All-Metal Unibody Sculpted, Sony 1/2"" Sensor, PDAF, 2 Noise Reduction Mics, Privacy Cover for Switch 2/Zoom/Teams/Facetime/YouTube/Google Meet",,56.37,False,mid-range
B0G29MV7GK,webcam HD,"Webcam 1080P with Microphone & Privacy Cover for PC/Laptop, USB Computer Camera Plug & Play with Auto Light Correction for Video Calls, Live Streaming Gaming & Online Meetings",NIVEOLI,11.99,False,premium
B09DVGV7BH,webcam HD,Logitech C920e HD 1080p Mic Enabled Webcam Certified Zoom Microsoft Teams,,69.99,False,premium
B0GK5WH85D,webcam HD,"1080P HD Webcam, USB Plug & Play Computer Camera, Auto Low-Light Streaming Camera, RGB Status Light Web cam, Noise-Canceling Microphone Webcam - for Video on Laptop & Desktop",XOCLON,28.99,False,budget
B01LXCDPPK,webcam HD,"Logitech C922x HD Pro PC Webcam, Full HD 1080p/30fps or 720p/60fps Video, HD Light Correction, Works with Microsoft Teams, Google Meet, Zoom, Nintendo Switch 2’s new GameChat mode, Mac/Tablet- Black",,88.95,False,premium
B0GG3JNQGF,webcam HD,"Webcam for PC, HD 1080P USB Plug-and-Play Computer Web Camera, High Definition Webcam for Desktop Laptop, Ideal for Online Class, Video Conference, Live Streaming & Gaming",Xweiryn,9.99,False,budget
B0CYQ5P6T7,webcam HD,"EMEET S600 4K Webcam for Streaming, Sony 1/2.55'' Sensor, PDAF Autofocus",EMEET,59.49,False,mid-range
B0G63LXK6R,webcam HD,OBSBOT Tiny 3 Lite AI-Powered Spatial Audio 4K Webcam - Compact AI Tracking,OBSBOT,179.0,False,premium
B0BRCJL4MM,desk lamp LED,"Pzloz Led Desk Lamp for Office Home - Eye Caring Architect lamp with Clamp,Dual Screen Computer Monitor Work Smart Light: 24W 5 Color Flexible Adjustable Lighting Table Lamp for Study Drafting",Pzloz,69.49,False,premium
B0CZMPX2PW,desk lamp LED,"LitONES LED Desk Lamp for Home Office, Soft Edge-lit Design - Modern Style",LitONES,64.99,False,premium
B0H41M8Z7G,desk lamp LED,"LED Desk Lamps for Home Office, 18W Bright Soft Video Conference Lighting",JACKYLED,39.99,False,budget
B0DQTRH3V4,desk lamp LED,"LitONES Tall LED Desk Lamps Home Office, Edge-Lit Eye-Care, 50 Light Modes",LitONES,49.97,False,premium
B0C4JTPPYY,desk lamp LED,"Airlonv LED Desk Lamp with Clamp, 17"" Stepless Dimming Light, Black",Airlonv,19.92,False,budget
B0BB5ZBT42,desk lamp LED,"Voncerus LED Desk Lamp with Clamp, Clip on Lights for Home Office, Black",Voncerus,16.99,False,budget
B0F22BR222,desk lamp LED,"shinelife LED Desk Lamp for Office Home, Bright Desk Light with USB Charging Port, Adjustable Dimmable Desk Lamps 5 Modes 5 Brightness, Touch Study Lamp for Nail, Craft, Puzzle, Sewing, Study, Black",shinelife,19.76,False,budget
B0CRY97FPB,desk lamp LED,"One Beat Small LED Desk Lamp Power Strip 5ft Extension Cord with 3 Outlets 4 USB Ports(2 USB C), 4 Modes, 5 Level Touch Lamp Study Reading Light, Home Office Bedroom College Dorm Room Essentials,White",One Beat,16.99,False,budget
B0GXV4S23L,desk lamp LED,"LED Desk Lamp with Power Strip, 3 AC Outlets, 4 USB Ports, Stepless Dimming",Sompaty,19.98,False,budget
B09YV633PL,desk lamp LED,"LED Desk Lamp with Clamp, Architect Desk Lamp with Dual Light and Adjustable Swing Arm, Clip-on Eye-Care 4 CCT Modes & 5 Brightness Levels Table Light Modern Computer Lighting for Home Office",Micomlan,46.99,False,budget
B0GF1GYKW5,desk lamp LED,"Syrinx LED Desk Lamp for Home Office, 18W 2000LM Dual Head Architect Lamp",Syrinx,29.99,False,premium
B0H5BYV9JJ,desk lamp LED,"Syrinx LED Desk Lamp for Home Office, 18W 2000LM Dimmable Light, Black",Syrinx,45.99,False,premium
B0GZZV98MG,desk lamp LED,"LED Desk Lamp for Home Office Video Calls, Reading, Swing Arm Task Lights",Kaulsoue,55.98,False,premium
B08SK4DMHR,desk lamp LED,"BOHON LED Desk Lamp with USB Charging Port 3 Color Modes Dimmable, Black",BOHON,26.97,False,mid-range
B0BNHNG5CY,desk lamp LED,"Micomlan Led Desk Lamp with Clamp, Architect Desk Lamp for Home Office with Atmosphere Lighting, 24W Ultra Bright Auto Dimming Computer Light Stepless Dimming and Tempering LED Table Light",Micomlan,49.99,False,premium
B0D2LGK82V,desk lamp LED,"Addtam LED Desk Lamp, Power Strip with 3 Outlets 4 USB Charging Ports(2 USBC), 4 Modes 5 Level Brightness Touch Lamp, Small Desk Lamp for Home Office College Dorm Room Essentials",Addtam,19.49,False,budget
B0FG7XJWLM,desk lamp LED,"CHARYJOD LED Desk Lamp for Office Home, Height Adjustable Architect Desk Light with USB Adapter, Stepless Dimming Desk Lamp Light for Reading, Study, Workbench",CHARYJOD,29.99,False,mid-range
B0GXDJVWZX,desk lamp LED,"LED Desk Lamp for Home Office with Base, Dimmable Eye Care Architect Desk Light, Adjustable Swing Arm Dual-Light Lighting for Computer Monitor Work Desk Light, Reading, Study & Workbench",Galnolt,44.99,False,budget
B0GK8NP71B,desk lamp LED,"SKYLEO LED Desk Lamp with Clamp - Double Head Desk Light with Remote and Touch - Eye Protection - 12 W, 5 Color Modes, Timer and Memory Function, Flexible Gooseneck - for Office, Reading - Black",SKYLEO,26.99,False,mid-range
B0DDXYDSLM,desk lamp LED,"LED Desk Lamp with Clamp, 4CCT Table Lights for Home Office Puzzle Painting",SUNLINKCO,51.29,False,mid-range
B0FCS5W2WL,desk lamp LED,"15W LED Desk Lamp with USB Charging Ports – Dimmable Table Lamp with 3 Color Temps, 5 Brightness, 4 Timers, Flexible Gooseneck Light with Base, Eye-Caring Reading Light for Home Office, Bedroom, Study",ZAPLIT,19.99,False,budget
B0BR5JHB3Z,desk lamp LED,"Touch Bedside Table LED Lamp, [Sleek Design & RGB Mode] Multi-Color Dimmable with Warm White Lights, Birthday Gifts for Women Mom, Smart Nightstand Small Lamp for Bedroom Living Room Home Decor",ROOTRO,19.99,False,mid-range
B0F5BH3Z9T,desk lamp LED,"ONEMIX LED Desk Lamp with Clamp, 42-Inch 4-Panel Light for Dual Monitors",ONEMIX,42.99,False,premium
B0D41XL87F,desk lamp LED,"Govee RGBIC Smart Table Lamp 2, Touch Bedside Small Table Lamp (Corded)",,69.99,False,premium
B08DKQ3JG1,desk lamp LED,"Quntis Computer Monitor Lamp, Screen Monitor Light Bar for Eye Caring, USB Reading LED Task Lamp with Auto-Dimming, Dimmable Light Bar, Touch Control, No Glare Space Saving Home Office Desk Lamps",Quntis,39.95,False,budget
B0D4DG2CG2,desk lamp LED,"Motumen Led Desk Lamp for Home Office, Eye-Care Desk Light Clamp, Black",Motumen,21.99,False,mid-range
B0868HY623,desk lamp LED,"White crown LED Desk Lamp Dimmable Table Lamp Reading Lamp with USB Charging Port, 5 Lighting Modes, Sensitive Control, 30/60 Minutes Timer (White, First-Generation)",White crown,19.99,False,budget
B0FRS7SVR7,desk lamp LED,"LED Desk Lamp for Home Office with Base, 28.2"" Adjustable Gooseneck Swing Arm Ultra Bright Desk Light, Dimmable Architect Table lamp for Desktop Computer Light, Reading, Study, Workbench",Galnolt,49.99,False,budget
B00KSQ8ZNA,desk lamp LED,"Lampat Dimmable LED Desk Lamp, 4 Lighting Modes (Reading/Studying/Relaxation/Bedtime), 5-Level Dimmer, Touch-Sensitive Control Panel, 1-Hour Auto Timer, 5V/1A USB Charging Port, Piano Black",Lampat,15.29,False,budget
B0D1DLY4H4,desk lamp LED,"SKYLEO Desk Lamp for Home Office, Eye Comfortable LED Desk Light for Long Hours, Adjustable Swing Arm with Memory Function, Black",SKYLEO,20.78,False,mid-range
B0C3M87K71,desk lamp LED,"LED Desk Lamp for College Dorm with Pen Phone Holder, Black",Vicsoon,19.99,False,budget
B0G7RDYJFY,desk lamp LED,MOICO LED Desk Lamp with Clamp for Office Home-,MOICO,17.09,False,budget
B0D1KHCHZP,desk lamp LED,"Honeywell HWT-H2 LED Desk Lamp, Eye-Caring Full Spectrum, USB Charging",Honeywell,39.99,False,mid-range
B0F1XKYJFD,desk lamp LED,"Adjustable LED Desk Lamp with Clamp & Remote, Wide 4-Head",SANDROY VOLT,58.49,False,premium
B0CNZS9RRB,desk lamp LED,"R RUCKERCO Led Desk Lamp Dimmable Desk Light Reading Lamp 3 Lighting Modes, Eye Protection Accessories, Study Desk Lamp Equipped USB Charger Suitable for Home Office is for Gift Giving",R RUCKERCO,11.99,False,budget
B0CJM6WYZ8,desk lamp LED,"Micomlan Architect Desk Lamp with Atmosphere Lighting, Adjustable Led Desk Light for Home Office with Base, 24W Bright Auto Dimming Table Light with Rotatable Swing Arm for Workbench Computer",Micomlan,49.99,False,premium
B0C7H3MSVJ,desk lamp LED,"LED Desk Lamp with Clamp, Dual Head Monitor Light, Remote",MACASA,29.98,False,budget
B0G6KNJH1Z,desk lamp LED,"LED Desk Lamp for Home Office with Wireless Charger, Black",Vicsoon,24.99,False,mid-range
B0D1QY8PL6,desk lamp LED,SUPERDANNY Eye-Caring LED Desk Lamp Work Lamp Office Lamp with Side Clamp,SUPERDANNY,16.59,False,budget
B0GCHK16ZH,desk lamp LED,"NS Pro LED Desk Lamp with Remote, Eye-Caring CRI95+ Dimmable Light, 3000K–6000K Adjustable Color Temperature, Flexible Clamp or Base Mount, Memory Function Desk Lamp for Office, Study & Zoom Meetings",NS,9.99,False,budget
B0CQ3ZGKP3,desk lamp LED,"Giryuhd LED Desk Lamp for Office Home & Battery Operated Lamp Rechargeable Lamp Foldable & Portable Light, LED Desk Light Strip, 3 Brightness Dimmable Small Desk Lamp Wireless Reading Lamp (White)",Giryuhd,9.99,False,budget
B0GT9BR934,desk lamp LED,"karidi LED Desk Lamp with Power Strip, 3 AC Outlets & 4 USB Ports (2 USB-C), Eye-Caring Task Light, 5 Color Modes 5 Brightness Dimmable, Sturdy Base Home Office Dorm Room Essentials",karidi,20.98,False,budget
B0BBMK7RCF,desk lamp LED,"iZELL Desk Lamp, [3 Color Modes & 10 Brightness] LED Reading Light with Clamp, Silicone Flexible Arm Book Light for Kids Reading Book in Bed at Night Clip on Table, Headboard, Dorm - 15.8‘’ Black",iZELL,16.99,False,budget
B0CDPLYPXB,desk lamp LED,"AILBTON Bright LED Desk Lamp with Clamp,Eye Caring Architect Led Desk Lights with Adjustable Swing Arm for Office Home,Dimming and Tempering Led Table Light",AILBTON,39.99,False,mid-range
B0G7SSHT9F,desk lamp LED,"SIBRILLE Metal LED Desk Lamp, 16"" Dimmable Desk Light with Base, 15W 1200LM, Adapter Included, Color & Brightness Adjustable, Modern Tall Table Lamp for Home Office Reading Study Task Laptop, Black",SIBRILLE,29.99,False,mid-range
B099MV5XMX,desk lamp LED,"Hifree Smart Table Lamp, Dimmable Desk Lamp with App/Voice Control, LED RGB Color Changing Touch Lamp, Night Lamp for Bedroom Compatible with Alexa",Hifree,41.0,False,premium
B0CRQX9R5H,desk lamp LED,"SIBRILLE LED Desk Lamp for Home Office - Dimmable Computer Desk Light with Clamp, Modern Architect Task Lamp with Color Changing, Flexible Desktop Lamp with Gooseneck for Monitor, Double Head, Black",SIBRILLE,42.98,False,budget
B0CRB4K3DW,desk lamp LED,"10X Magnifying Glass with Light and Stand, 5 Color Modes Stepless Dimmable LED Lighted Desk Lamp, Hands Free Magnifier with Flexible Goose-Neck for Craft Hobby Painting Sewing Close Work",Krstlv,29.99,False,mid-range
B0BS17GYRM,desk lamp LED,"AKRRYR LED Desk Lamp for Home Office, Double Head 24W with Base, Architect Light 5 Lighting Brightness Flexible Gooseneck Table Reading Study, Black",AKRRYR,34.99,False,mid-range
B0BB1SJ1B5,desk lamp LED,"Voncerus LED Desk Lamp with Clamp, Clip on Lights for Home Office, White",Voncerus,17.99,False,budget
B08QCFV6ZJ,desk lamp LED,"LED Desk Lamp with Wireless Charger, Suitable for Home, Office Dimmable, with USB Charging Port, Built-in Clock, Calendar, Thermometer and Automatic Timing Reading Desk Lamp.",XIZDDL,23.99,False,mid-range
B0C4JV31PH,desk lamp LED,"Airlonv LED Desk Lamp with Clamp, 17"" Stepless Dimming Light, White",Airlonv,22.77,False,mid-range
B0F6DDHYVK,desk lamp LED,"LED Desk Lamp with Clamp, Eye-Carying Desk Light with Remote,Adjustable Flexible Gooseneck,1800LM Ultra Bright Table Lamp for Work,Study, Read,Workbench(Black)",CJJFACA,21.49,False,premium
B0DP7C3XK9,desk lamp LED,"PACOVY Floor Lamp, Adjustable Height Floor Lamps for Living Room Bedroom, 120 LED Super Bright Standing Lamp Remote & Touch Control Dimmable Gooseneck Tall Stand Reading Lamp for Office Craft, Black",PACOVY,29.99,False,mid-range
B0H699TJC3,air purifier,"DREO Air Purifier for Home, HEPA Sleep Mode, AHAM VERIFIDE Air Purifiers for Bedroom, Pets, Smoke, Dust, Pollen & Odors, PM2.5 Monitor, Auto & Turbo Mode, 4 Speeds, Scent Diffuser, DR-HAP008(Dreo 338)",DREO,69.98,False,mid-range
B0BN2LZ9JH,air purifier,"BLUEAIR Blue Pure 311i Max Smart Air Purifier for Medium Rooms up to 2,107 Sq Ft HEPASilent Air Cleaner for Pets Allergies Smoke & Dust WiFi Air Purifier with Auto Mode Quiet Air Purifier for Bedroom",BLUEAIR,79.985,True,mid-range
B07VVK39F7,air purifier,"LEVOIT Air Purifier for Home Allergies and Pets Hair Smokers in Bedroom, H13 True HEPA Filter, 24db Filtration System Cleaner Odor Eliminators, Remove 99.97% Dust Smoke Mold Pollen, Core 300, White",,79.985,True,premium
B09GTRVJQM,air purifier,"Levoit Air Purifiers for Bedroom Home Pets Dorm Room, Small Air Purifiers",Levoit,79.985,True,mid-range
B0DCBC8KKV,air purifier,"Air Purifiers for Home Large Room up to 2200sq.ft, MOOKA Air purifier for Home Pets with Washable Filter, PM 2.5 Display Air Quality Sensor Air Cleaner for Bedroom, Dorm room, Pets, Office PR1 (White)",MOOKA,66.41,False,budget
B0BGPF71Q6,air purifier,LEVOIT Smart Air Purifier for Home Large Room up to 1875 Ft² Vital 200S-P,Levoit,79.985,True,mid-range
B0H691WC3S,air purifier,"DREO Air Purifier for Home, Up to 1176 ft², HEPA Sleep Mode, Air Purifiers for Large Room & Bedroom, Pets, Smoke, Dust, Pollen & Odors, PM2.5 Monitor, Auto & Turbo Mode, 4 Speeds, DR-HAP009 (Dreo 539)",DREO,79.98,False,mid-range
B0B4ZSKPNL,air purifier,"Air Purifiers for Bedroom, FULMINARE H13 True HEPA Filter",FULMINARE,25.99,False,budget
B08FJ678YK,air purifier,"Levoit Air Purifier for Home Pets Bedroom Dorm Room, Smart & Voice Control",Levoit,79.985,True,mid-range
B0H5R2SYQF,air purifier,"DREO Smart Air Purifier for Home, Up to 1176 ft², HEPA Sleep Mode, Air Cleaner for Large Rooms & Bedrooms, Wi-Fi/Voice/Alexa, Pets, Smoke, Dust, Pollen & Odors, PM2.5 Monitor, DR-HAP009S (Dreo 539S)",DREO,79.99,False,mid-range
B0CXJ97TV1,air purifier,"MOOKA Air Purifier for Home Bedroom Large Room 2200 Ft², HEPA Filter, White",MOOKA,102.99,False,premium
B09FJSJQ95,air purifier,AROEVE Air Purifiers for Bedroom with Sleep Mode Speed Control-MK01A(White),AROEVE,39.99,False,budget
B0BNDM2RNG,air purifier,LEVOIT Air Purifier for Home Pets Bedroom Dorm Room Washable Pre-Filter,,79.985,True,premium
B0DJG1731C,air purifier,"WINIX 5510 Air Purifier (New Generation of 5500-2 with App Support) for Home Large Room Up to 1881 Ft² in 1 Hr, True HEPA, High Deodorization Carbon Filter and Auto Mode, Captures Pet Allergies, Smoke",Winix,179.99,False,premium
B08HW4HX66,air purifier,"WINIX A230 Air Purifier for Bedroom Up to 1110 Ft² in 1 Hr With Air Quality Monitor, True HEPA, Carbon Filter and Auto Mode, Captures Pet Allergies, Smoke, Dust",,99.99,False,mid-range
B004VGIGVY,air purifier,"GermGuardian HEPA Air Purifier - Large Room Air Purifier for Bedroom, Office, Dorm, and Home - Filters Pet Dander, Dust, Pollen, Smoke, Scents - AC4825E - 22"" Tower - Gray",GermGuardian,79.985,True,mid-range
B08R794ZMX,air purifier,LEVOIT Smart Air Purifiers for Home Large Room Up to 1733 Ft² Core 400S-P,Levoit,189.99,False,premium
B01728NLRG,air purifier,"COWAY Air Purifier for Home Up to 1,748ft², HEPA Filter for Smoke, Allergies, Pet Dander, Odor, Air Quality Monitor, Auto&Eco Mode, Timer, Filter Indicator, 3yr Warranty, Mighty AP-1512HH(W), White",Coway,79.985,True,mid-range
B09GM8Y8BN,air purifier,AROEVE Air Purifiers for Bedroom with Sleep Mode Speed Control-MK01A(Black),AROEVE,39.99,False,budget
B08KPJ76RR,air purifier,"BLUEAIR Blue Pure 511i Max Smart Air Purifier for Bedroom & Small Rooms up to 1,138 Sq Ft, HEPASilent Air Cleaner for Pets, Allergies, Smoke & Dust, Quiet WiFi Air Purifier with Auto Mode",BLUEAIR,79.985,True,mid-range
B0GCMGN8C8,air purifier,"KNKA Air Purifiers for Home Bedroom Up to 1,695 Ft² in 1 Hr, APH4000, Black",KNKA,119.98,False,premium
B00FLYWNYQ,instant pot,"Instant Pot Duo 6 Qt 7-in-1 Electric Pressure Cooker, Stainless Steel",Instant Pot,106.97,False,mid-range
B0DGFXBFCT,instant pot,"Midea 12-in-1 Electric Pressure Cooker, 6 Quarts, 12 Presets, Multi-Functional Programmable Slow Cooker, Rice Cooker, Steamer, Sauté Pan, Yogurt Maker, and More, Stainless Steel",,76.72,False,mid-range
B06Y1YD5W7,instant pot,"Instant Pot Duo 7-in-1 Mini Electric Pressure Cooker, Slow Rice Cooker, Steamer, Sauté, Yogurt Maker, Warmer & Sterilizer, Includes Free App with over 1900 Recipes, Stainless Steel, 3 Quart",Instant Pot,89.99,False,mid-range
B08PQ2KWHS,instant pot,"Instant Pot Pro 6 Qt 10-in-1 Electric Pressure Cooker, Black",Instant Pot,164.99,False,mid-range
B08PPZWNCV,instant pot,"Instant Pot Pro 8 Qt 10-in-1 Electric Pressure Cooker, Black",Instant Pot,199.99,False,mid-range
B01NBKTPTS,instant pot,"Instant Pot Duo Plus 6 Qt 9-in-1 Electric Pressure Cooker, Stainless Steel",Instant Pot,147.49,False,premium
B0HC3RNGYP,instant pot,"The Ultimate Instant Pot Cookbook for Beginners: 2500+ Days of Easy & Healthy, Mouthwatering Instant Pot Recipes for All Meals — A Complete Guide to Perfect Pressure Cooking at Home",by Amy Delamore (Author)  Format: Paperback,5.99,False,budget
B0F9B923NC,instant pot,"Instant Pot Rio Mini 4 Qt 7-in-1 Electric Pressure Cooker, Black",Instant Pot,89.99,False,mid-range
B0BFX95J5P,instant pot,"Cosori Pressure Cooker 6QT, 9-in-1, Ceramic Coating Pot, 12 Safety Features",Cosori,77.29,False,mid-range
B0C35HNPW9,instant pot,"Instant Pot Rio Wide 7.5 Qt 7-in-1 Electric Pressure Cooker, WhisperQuiet",Instant Pot,139.95,False,premium
B09MZTSSR2,instant pot,"Instant Pot Duo Plus 8 Qt 9-in-1 Electric Pressure Cooker, WhisperQuiet",Instant Pot,129.99,False,mid-range
B0GDKY82DD,instant pot,"Ultimate Instant Pot Recipes Cookbook with Pictures: Full Color, Step-by-Step Cooking with 4000+ Days of Quick, Beginner-Friendly Meals",by Lisa Fashoni (Author)  Format: Paperback,14.17,False,budget
B0F9BD5M2K,instant pot,"Instant Pot Rio Mini 4 Qt 7-in-1 Electric Pressure Cooker, Rosewater Pink",Instant Pot,89.99,False,mid-range
B0DJFJFSZ5,instant pot,"COMFEE' 12-in-1 Electric Pressure Cooker, 6 Quarts, Nonstick Pot",COMFEE',70.07,False,budget
B07VT23JDM,instant pot,"Instant Pot Duo Crisp 8 Qt 11-in-1 Air Fryer + Pressure Cooker, Steel",Instant Pot,219.99,False,mid-range
B0FWC3F2M1,instant pot,"Electric Pressure Cooker 6 Qt, 9 Functions Programmable Instant Pot with IMD Touchscreen, Rice Cook, Slow Cook, Steam, Sauté, Warm, 16+ Safety Features, 1000W Silver",carori,67.95,False,budget
B0G63LXZH1,instant pot,"The Latest Instant Pot Cookbook for Beginners: Unlock Foolproof Instant Pot Recipes for Soups, Stews, Poultry, Seafood, Meats, Veggies, and Desserts | Your Shortcut to Flavorful Everyday Meals",by Dorothy Milburn (Author)  Format: Paperback,11.49,False,budget
B08TMTJZ8L,instant pot,"Instant Pot Pro Plus 6 Qt 10-in-1 Electric Pressure Cooker, Black",Instant Pot,169.99,False,premium
B0FJ9YL548,instant pot,"Ninja® HyperHeat™ 9-in-1 Pressure Cooker, 6.5-qt, Blue Macaron, PC201",,169.99,False,premium
B0DGG5W4FK,instant pot,"Midea 12-in-1 Electric Pressure Cooker, 8 Quarts, Stainless Steel Inner Pot",,95.91,False,mid-range
B0GWKYMG6J,instant pot,"Cooker King 3QT Stainless Steel Saucepan with Tempered Glass Lid, Metal Utensils Safe, No Coating (PFAS/PFOA/PTFE Free), Dishwasher-Friendly, Oven-Safe Up to 900°F, Induction Ready",COOKER KING,44.99,False,budget
B0DP38DKQM,instant pot,"The Ultimate Instant Pot Cookbook for Beginners: Easy & Excellent Instant Pot Recipes Take You on an Exploration of Delicious Breakfasts, Lunches, Dinners, Appetizers, and Desserts",by Jodi Gutierrez (Author)  Format: Paperback,12.49,False,budget
B0FN3S7LKG,electric toothbrush,"7MAGIC Sonic Electric Toothbrush, 180-Day Runtime, 42000VPM, 8 Heads, Black",7MAGIC,20.99,False,mid-range
B0D5R69MPV,electric toothbrush,"COSLUS C40 Sonic Electric Toothbrush for Adults, 47000VPM for Deep Cleaning",COSLUS,24.99,False,budget
B0GGB5DNQP,electric toothbrush,Oday Sonic Electric Toothbrush for Adults with Wall Mounted UV Cleaner,Oday,33.99,False,mid-range
B0GXBK19Z2,electric toothbrush,SURI NEW Core Sonic Electric Toothbrush | Up to 4 Weeks Battery | Travel Head Cover | Pressure Sensor | Bio-Based Body* | 2-Minute Timer | Plant-Based Heads - Green,SURI,75.0,False,premium
B09LD7WRVS,electric toothbrush,"Philips Sonicare 4100 Rechargeable Electric Toothbrush, 1 Brush Head, Black",Philips Sonicare,39.99,False,mid-range
B01AKGRTUM,electric toothbrush,"Oral-B Pro 1000 Rechargeable Electric Toothbrush, Black",Oral-B,39.99,True,mid-range
B09LD8VFS1,electric toothbrush,"Philips Sonicare 4100 Rechargeable Electric Toothbrush, Deep Pink",Philips Sonicare,39.99,True,mid-range
B09LD8T445,electric toothbrush,"Philips Sonicare 4100 Rechargeable Electric Toothbrush, 1 Brush Head, White",Philips Sonicare,39.99,True,mid-range
B003UKM9CO,electric toothbrush,"Oral-B Pro 1000 Rechargeable Electric Toothbrush, White",Oral-B,39.99,True,premium
B0B5HRWH1S,electric toothbrush,"Oral-B iO Series 3 Limited Deep Clean Rechargeable Electric Toothbrush for Adults, Black, 3 Modes, Smart Pressure Sensor, Plaque Removal and Gum Care, 2 Replacement Brush Heads, Travel Case",Oral-B,39.99,True,premium
B093TSRPQM,electric toothbrush,"Lumineux Teeth Whitening Strips, Peroxide Free, 9 Treatments (1 Month)",Lumineux,22.99,False,budget
B00AFWVHI2,electric toothbrush,"MOUTHWATCHERS Dr Plotkas Soft Bristle Flossing Toothbrush Manual Soft Toothbrush for Adults, Ultra Clean, Good for Sensitive Teeth and Gums, Variety 4 Pack, Colors May Vary",MOUTHWATCHERS,15.99,False,budget
B0DW624GXR,electric toothbrush,"Quip Metal Sonic Electric Toothbrush for Adults - Time Travel & Soft Bristles with Travel Case & Replacement Brush Head - 3 Month Battery Life, Moonrise Champagne",Quip,32.99,False,mid-range
B0FKBGLZRL,electric toothbrush,"COSLUS C51C30 Water Flosser Electric Toothbrush Combo, 2-1 Oral Clean Kit",COSLUS,39.99,False,mid-range
B09LD8VXLX,electric toothbrush,"PHILIPS Sonicare 1100 Rechargeable Electric Toothbrush, 1 Brush Head, White",Philips Sonicare,39.99,True,mid-range
B0G3QTZV2L,electric toothbrush,"Philips Sonicare 6500 Rechargeable Electric Toothbrush, 2 Brush Head, Black",Philips Sonicare,119.99,False,premium
B0B5YPHMW8,electric toothbrush,"Oral-B Rechargeable Electric Toothbrush, iO5 Customizable Clean, 5 Cleaning Modes, Visual Pressure Sensor to Protect Gums, Travel Case, Black",Oral-B,99.99,False,premium
B07XF8NT4C,electric toothbrush,"Oral-B Pro 1000 Rechargeable Electric Toothbrush, Pink",Oral-B,39.99,True,mid-range
B0D63KYHHH,electric toothbrush,"Quip Sonic Electric Toothbrush for Adults with Timer - Includes Travel Case & Replacement Brush Head - 3 Month Battery Life, Plastic Handle - Lavender",Quip,27.99,False,mid-range
B00AFWPVUC,electric toothbrush,"MOUTHWATCHERS Soft Flossing Manual Toothbrush, Adults, Pack of 2, Assorted",MOUTHWATCHERS,9.99,False,budget
B0DNF673KY,electric toothbrush,"Electric Toothbrush for Adults, Rechargeable Sonic Toothbrush with 180 Days Battery Life, 5 Modes, 48000VPM Motor, Smart Timer, IPX8 Waterproof, 4 Brush Heads and Travel Case, Midnight Blue",Marlincare,22.47,False,budget
B0DBW1BN5C,electric toothbrush,"Quip Rev Oscillating Rechargeable Electric Toothbrush with Extra Brush Head - Soft Bristles, Pressure Sensor, 3 Intensities, 30-Day Battery Life, 2-Min Timer, Travel Case, Mirror Mount - Blue Mist",Quip,69.99,False,premium
B0D1DRYBTN,electric toothbrush,"Oral-B Rechargeable Electric Toothbrush, iO2 Starter Kit, 3 Cleaning Modes, Automatic Pressure Sensor to Protect Gums, 2 Brush Heads, Pure White",Oral-B,49.99,False,mid-range
B0FRFW6VYR,electric toothbrush,"Onlyone Electric Toothbrush for Adults, Rechargeable Electric Toothbrush with 8 Brush Heads, Travel Case, Charging Base & Wireless Charging - 5 Modes with Smart Timer, White",Onlyone,8.98,False,budget
B0G3RD2XVH,electric toothbrush,"Philips Sonicare 5900 Rechargeable Electric Toothbrush, 2 Brush Heads, Pink",Philips Sonicare,89.99,False,premium
B0GQWSKBLD,electric toothbrush,"Philips Sonicare 5950 Rechargeable Electric Toothbrush, 2 Brush Head, Black",Philips Sonicare,109.99,False,premium
B0G3QSHJCC,electric toothbrush,"Philips Sonicare 5900 Rechargeable Electric Toothbrush, 2 Brush Head, Black",Philips Sonicare,89.99,False,premium
B0B5HVM6JX,electric toothbrush,"Oral-B Rechargeable Electric Toothbrush, iO5 Limited Deep Clean & Whiten, 5 Cleaning Modes, Visual Pressure Sensor to Protect Gums, Travel Case, 3 Brush Heads, Black",Oral-B,39.99,True,premium
B0DLLGG2Z8,electric toothbrush,"Oral-B iO Series 2 Limited Simple Clean Rechargeable Electric Toothbrush for Adults, Night Black, 3 Modes, Automatic Pressure Sensor for Gum Care, Travel Case",Oral-B,39.99,True,mid-range
B0B9RQJFDV,electric toothbrush,"AJELU Sonic Electric Toothbrush for Adults, USB Rechargeable Sonic Toothbrush with 8 Brush Heads, Smart Timer, 5 Modes, 2-Hour Fast Charge Last 30 Days, Pink",AJELU,9.99,False,budget
B0DCCJZC9F,electric toothbrush,"Oral-B iO Deep Clean + Protect Rechargeable Electric Toothbrush, Black, iO Series 7, 2 Replacement Brush Heads, Charging Travel Case (package may vary)",Oral-B,39.99,True,premium
B084TM4XKG,electric toothbrush,"Philips Sonicare 5300 Rechargeable Electric Toothbrush, 3 Brush Head, Black",Philips Sonicare,39.99,True,mid-range
B0CZL55GR7,electric toothbrush,2-1 Oral Clean Kit- Water Dental flosser & Electric Toothbrush Combo- Brushing & Flossing- for Teeth Cleaning and Gum Health (Black),HUACO CARE,59.99,False,mid-range
B07L5P2J8D,electric toothbrush,"Oral-B Pro 1000 CrossAction Electric Toothbrush, Black and White, 2 Count",Oral-B,39.99,True,budget
B0DNMLK6SC,electric toothbrush,"Bitvae ADA Accepted Electric Toothbrush, 60-Day Battery Travel Toothbrush",Bitvae,16.12,False,mid-range
B0FWM4HWBM,electric toothbrush,"Philips Sonicare DiamondClean 9000 Electric Toothbrush Bundle, HX9912/72",Philips Sonicare,199.95,False,premium
B0G67KHJ47,electric toothbrush,"Philips Sonicare 7300 Rechargeable Electric Toothbrush, 3 Brush Head, White",Philips Sonicare,199.99,False,premium
B008I2IKI6,electric toothbrush,"Oral-B 3D White Action Power Toothbrush, 1 Count (Colors May Vary), Multi-colored",Oral-B,10.97,False,budget
B0B5HSNPNH,electric toothbrush,"Oral-B iO Series 9 Electric Toothbrush with 4 Brush Heads, Aqua Alabaster",Oral-B,219.99,False,premium
B0H46YSXY4,electric toothbrush,"Philips Sonicare 4100 Rechargeable Electric Toothbrush, 1 Brush Head, Black",Philips Sonicare,39.99,False,mid-range
B0B6JTYB49,electric toothbrush,"Oral-B Pro 100 CrossAction, Battery Powered Toothbrush, Black, 1 Count (Pack of 1)",Oral-B,19.97,False,budget
B0CP8QM3R1,electric toothbrush,"Rotating Electric Toothbrush for Adults, 8 Heads 2 Types, 4 Modes, Black",TEETHEORY,19.99,False,budget
B0F32L1MCQ,electric toothbrush,"Feno Smartbrush Electric Toothbrush for Adults, Oscillating, Rechargeable",Feno,299.0,False,premium
B0B5YPZS45,electric toothbrush,"Oral-B Rechargeable Electric Toothbrush, iO5 Customizable Clean, 5 Cleaning Modes, Visual Pressure Sensor to Protect Gums, Travel Case, White",Oral-B,99.99,False,premium
B0CM44GT41,electric toothbrush,"Philips Sonicare DiamondClean 9500 Electric Toothbrush 3 Brush Heads, Black",Philips Sonicare,279.99,False,premium
B09LD8PTNJ,electric toothbrush,"PHILIPS Sonicare 2100 Rechargeable Electric Toothbrush, 1 Brush Head, White",Philips Sonicare,39.99,True,mid-range
B0B6KKXWQV,electric toothbrush,"Oral-B Pro 100 3D White, Battery Toothbrush, White",Oral-B,39.99,True,budget
B0GWWN7WCK,electric toothbrush,"Electric Toothbrush for Adults, 8 Brush Heads (2 Types) & Travel Case, 5 Cleaning Modes Rechargeable Power Toothbrush with 2-Minute Smart Timer, Black",MCUDKIK,25.98,False,mid-range
B078BF27BF,electric toothbrush,"Philips Sonicare C2 Brush Heads, 3-Pack, 9 Month Supply, White",Philips Sonicare,27.96,False,mid-range
B07DNR6TKM,electric toothbrush,"Tao Clean UV Sanitizing Sonic Toothbrush and Cleaning Station, Electric Toothbrush, Dual Speed Setting, White",Tao Clean,139.0,False,mid-range
B08WSTTCMG,electric toothbrush,"Waterpik Sonic-Fusion Flossing Electric Toothbrush Water Flosser, White",Waterpik,39.99,True,mid-range
B0BP69FS5K,electric toothbrush,"Oral-B Rechargeable Electric Toothbrush, iO3 Clean & Protect, 3 Cleaning Modes, Visual Pressure Sensor to Protect Gums, Blue",Oral-B,59.99,False,mid-range
B0H46WV6X2,electric toothbrush,"Philips Sonicare 3300 Rechargeable Electric Toothbrush, 2 Brush Head, White",Philips Sonicare,44.99,False,mid-range
B0D1D8BRK2,electric toothbrush,"Oral-B Rechargeable Electric Toothbrush, iO2, 3 Cleaning Modes, Automatic Pressure Sensor to Protect Gums, Night Black",Oral-B,49.99,False,mid-range
B0CZ53DPHR,electric toothbrush,"Colgate 360 Vibrate Charcoal Battery Powered Electric Toothbrush, Soft, 2Pk",Colgate,10.96,False,budget
B0BN2TWDZ5,electric toothbrush,Bitvae R2 Rotating Electric Toothbrush for Adults with Pressure Sensor,Bitvae,34.99,False,mid-range
B0G8J89WBT,electric toothbrush,"Rtauys M5 Electric Toothbrush for Adults - Sonic Electric Toothbrush for Kids and Adults with 8 Brush Heads & Travel Case, 120 Days Battery Life - Black",Rtauys,14.99,False,budget
B0GVPQNGS8,budget laptop,"dynabook Tecra A45-M 14” Business Laptop, AMD Ryzen 5 220 (Up to 4.9GHz), 16GB DDR5 RAM, 512GB SSD, WUXGA 1920x1200, Wi-Fi 7, Windows 11 Pro, AI Copilot, Thunderbolt 4, Lightweight",dynabook,1209.0,False,budget
B0GVPKW5RG,budget laptop,"dynabook Portégé X40-M 14” Business Laptop, Intel Core Ultra 5 225U, 16GB DDR5 RAM, 512GB SSD, WUXGA 1920x1200, Windows 11 Pro, Lightweight 3.17 lb, Wi-Fi 7, Thunderbolt 4",dynabook,1359.0,False,premium
B0C8171GTK,budget laptop,"HP 14"" HD Chromebook Laptop for Students, Intel Quad-Core N4120(> N4020), 4GB RAM, 64GB eMMC, WiFi, Webcam, HDMI, USB-A&C, 14 Hours Battery life, ZOOM, Chrome OS, CUE Accessories",HP,226.0,False,budget
B0DVCBYMQY,budget laptop,"acer Gateway Chromebook 314 CBO314-1H-C476 Laptop | Intel Celeron N4500 | 14"" Full HD (1920 x 1080) Display | 4GB LPDDR4X | 64GB eMMC | Wi-Fi 5 802.11ac | Chrome OS | Star Black",,253.93,False,premium
B0GX66CNNJ,budget laptop,"Lenovo 15.6"" Business Laptop, 2026 Edition, 8GB DDR5 128GB SSD, Win 11",Lenovo,248.965,True,premium
B0GY16ZXZV,budget laptop,"HP Laptop 2026 Student Business, Copilot AI+Office 365, 128GB UFS Intel CPU",HP,248.965,True,budget
B0H9D5WDWV,budget laptop,"15.6 inch Laptop, Core 8100Y, 4GB So-Dimm RAM, 128GB SSD, Windows 11",OTVOC,229.99,False,mid-range
B0GZNFHH9H,budget laptop,"Lenovo IdeaPad Slim 3i • 15.6"" FHD Laptop with Microsoft 365 Included • Intel N100 • 4GB DDR5RAM • 128GB SSD • Win 11",Lenovo,248.965,True,budget
B0DTVQN7KM,budget laptop,"ASUS Vivobook Go 15.6” FHD Slim Laptop, AMD Ryzen 3 7320U Quad Core Processor, 8GB DDR5 RAM, 256GB SSD, Windows 11 Home, Fast Charging, Webcam Shield, Military Grade Durability, Black, E1504FA-AB34",,417.99,False,premium
B0FS1V6XZD,budget laptop,"Phatom 15.6"" FHD Laptop Computers, Compatible with Windows 11, Pentium Gold (Beats Pentium, Celeron), Cooling Fan, 4GB RAM, 128GB SSD, Up to 2TB, HDMI, for Business, Student",Phatom,219.99,False,budget
B0FVXYDGK1,budget laptop,"AE86 15.6"" Laptop, Celeron N4000, 8GB RAM 256GB SSD, Full HD 1080P Display, Dual-Band WiFi, Mini HDMI, Lightweight Slim Silver Notebook for Business, School, Home",AE86,209.99,False,budget
B0D6W1GQ6X,budget laptop,"Samsung 12.2"" FHD 2-in-1 Touchscreen Chromebook Plus Laptop for Business&Students, Intel Dual-Core, 4GB RAM, 224GB Storage(64GB eMMC+160GB Docking Station Set), Stylus Pen, Wireless Mouse, Silver",,379.0,False,premium
B0F53SQRH4,budget laptop,"Dell Latitude 5420 14"" FHD Business Laptop Computer, Intel Quad-Core i5-1145G7, 16GB DDR4 RAM, 256GB SSD, Camera, HDMI, Windows 11 Pro (Renewed)",Amazon Renewed,248.965,True,budget
B0GQB1LPTR,budget laptop,"HP OmniBook 3 17.3 inch Laptop PC, FHD Display, AMD Ryzen 3 30, 8 GB RAM, 512 GB SSD, AMD Radeon 610M Graphics, Windows 11 Home, Mica Silver, 17-dp0199nr",HP,479.0,False,premium
B0DNLDKY3S,budget laptop,"Dell Latitude 3190 11.6"" HD 2-in-1 Touchscreen Laptop Intel N5030 1.1Ghz 4GB Ram 128GB SSD Windows 11 Professional (Renewed)",Amazon Renewed,248.965,True,premium
B09SVSBVP1,budget laptop,"HP Chromebook 14 Laptop, Intel Celeron N4120, 4 GB RAM, 64 GB eMMC, 14"" HD Display, Chrome OS, Thin Design, 4K Graphics, Long Battery Life, Ash Gray Keyboard (14a-na0226nr, 2022, Mineral Silver)",HP,248.965,True,budget
B0DM1Z72WC,budget laptop,"Kanayu 100 Pack Wired Earbuds Bulk for Classroom, No Mic 3.5mm, Orange",Kanayu,30.99,False,budget
B0H2LTLNM4,budget laptop,"15.6'' AI Laptop with Office 365, 6GB RAM 128GB SSD",MELIUNA,259.99,False,premium
B0GRVFY42Q,budget laptop,"HP 14"" Laptop 2026 Edition, Intel Processor, 4GB RAM, 128GB Storage",HP,248.965,True,premium
B0GN8PWC9M,budget laptop,"HP Essential 15.6"" Laptop, 2026 Edition, 8GB RAM, 256GB SSD, Win11",HP,248.965,True,premium
B09S3HNMHF,budget laptop,"Samsung 14"" Galaxy Chromebook Go Laptop PC Computer, Intel Celeron N4500 Processor, 4GB RAM, 64GB Storage, ChromeOS, XE340XDA-KA2US, Student Laptop, Silver",,244.0,False,mid-range
B0GM8RB7P7,budget laptop,"LaunchWise: A Step-by-Step System to Launch, Organize and Scale Your Business with Clarity and Calm",by Anastasia Nezhinsky (Author)  Format: Paperback,13.99,False,budget
B0C4BZ28PG,bluetooth speaker,"Amazon Fire TV Soundbar, 2.0 speaker with DTS Virtual:X and Dolby Audio, Bluetooth connectivity",Amazon Fire TV,59.97,True,premium
B09B8V1LZ3,bluetooth speaker,"Amazon Echo Dot (newest model) - Vibrant sounding speaker, Designed for Alexa+, Great for bedrooms, dining rooms and offices, Charcoal",Amazon Echo & Alexa,59.97,True,mid-range
B0BRKPVZB4,bluetooth speaker,"Bluetooth Speaker, 20W HD Sound, Portable Wireless, IPX5 Waterproof, Up to 24H Playtime, TWS Pairing, for Home/Party/Outdoor/Camping/Beach Essentials, Electronic Gadgets, Birthday Gift (Black)",BolaButty,26.99,False,budget
B0CX1FRR27,bluetooth speaker,Portable Bluetooth Speaker Beach Essentials: IPX5 Waterproof for Outdoor,CHIFENCHY,19.97,False,budget
B0CQ53RVTW,bluetooth speaker,"Soundcore Boom 2 by Anker, 80W Outdoor Bluetooth Speaker, 24H Playtime",Soundcore,99.99,False,premium
B08FDPW8KR,bluetooth speaker,"Ortizan X10 Portable Bluetooth Speaker (1st Gen), IPX7 Waterproof, Wireless",Ortizan,29.97,False,budget
B0D6SX8VLQ,bluetooth speaker,"Amazon Echo Dot Max (newest model), Alexa speaker with room-filling sound and nearly 3x bass, Great for living rooms and medium-sized spaces, Designed for Alexa+, Graphite",Amazon Echo & Alexa,59.97,True,budget
B09MFBNTG3,bluetooth speaker,"Outdoor Bluetooth Speaker, IPX7 Waterproof, 90W Peak, 32H, Black",Houl Zallee,59.97,False,premium
B0D6WD2QSQ,bluetooth speaker,"Bose SoundLink Flex Bluetooth Speaker (2nd Gen) - Portable Outdoor Speaker with Hi-Fi Audio, Waterproof and Dustproof, USB-C, Up to 12 Hours Battery Life, Black",,59.97,True,premium
B0HDN8K6GB,bluetooth speaker,"Bluetooth Speaker, Portable Wireless, 20W HD Stereo Loud Sound, 8 Modes LED Light Show, 30H Playtime, IPX4 Waterproof, TWS Pairing, Built-in Mic, BT5.3, for Outdoor, Party, Travel, Home, Ideal Gifts",ANCOBER,29.99,False,mid-range
B0D6W8GSL3,bluetooth speaker,"Bose SoundLink Flex Bluetooth Speaker (2nd Gen) - Portable Outdoor Speaker with Hi-Fi Audio, Waterproof and Dustproof, USB-C, Up to 12 Hours Battery Life, Sandstone",,59.97,True,premium
B09B9CD1YB,bluetooth speaker,"Amazon Echo Dot Kids (newest model), Smart speaker to enjoy age-appropriate audiobooks, sleep routines and Alexa+ experiences to create and learn, Owl design",Amazon Echo & Alexa,59.97,True,mid-range
B088KRPCQJ,bluetooth speaker,"Bose TV Speaker - Soundbar for TV with Bluetooth and HDMI-ARC Connectivity, All-in-One Compact Soundbar, Includes Remote Control, Black",,59.97,True,premium
B0CVL1K7DX,bluetooth speaker,"Bose SoundLink Max Bluetooth Speaker - Portable Wireless Party Speaker, IP67 Waterproof, Rope Handle, Up to 20 Hours of Playtime, USB-C, Built-in 3.5mm AUX Input, Black",,59.97,True,premium
B0H7X6X3CR,bluetooth speaker,"Hisense WeBoom - Portable Bluetooth Speaker,IP67 Waterproof, Dustproof, and Shockproof, Up to 24H Playback Time,Bass Boost,Ambient Light,Bluetooth 6.0,Auracast",Hisense,199.99,False,premium
B0DT1CZ58V,bluetooth speaker,"Marshall Emberton III Portable Bluetooth Speaker - Rugged Waterproof/Dust-Proof Design | Loud Stereo Sound, Deep Bass | Compact and Wireless for Travel and Outdoors - Cream",Marshall,179.99,False,premium
B0H9R9NDSG,bluetooth speaker,"Bluetooth Speaker, IPX7 Waterproof, 50W Peak/25W RMS, Matte Black",ERKEI SEHN,78.99,False,mid-range
B07DMMG7QY,bluetooth speaker,"DOSS SoundBox Pro Bluetooth Speaker, 20W Stereo Sound, Active Extra Bass",DOSS,29.97,False,premium
B0D6WB7BV6,bluetooth speaker,"Bose SoundLink Flex Bluetooth Speaker (2nd Gen) - Portable Outdoor Speaker with Hi-Fi Audio, Waterproof and Dustproof, USB-C, Up to 12 Hours Battery Life, Blue Dusk",,59.97,True,premium
B0BZWT5FRR,bluetooth speaker,"Bose S1 Pro+ All-in-One PA Speaker - Powered, Wireless PA System, Multiple Positioning Options, Ergonomic Carry Handle, Up to 11 Hours of Playtime, Black",,59.97,True,premium
B0DPKW5JPR,bluetooth speaker,"JBL Charge 6 - Portable Waterproof & Drop-Proof Bluetooth Speaker, Bold JBL Pro Sound & AI Sound Boost, 28Hrs Playtime, Built-in powerbank & Comes with a Sturdy/Removable Carrying Strap (Black/Teal)",JBL,149.95,False,premium
B0CB9PF1N6,bluetooth speaker,"Amazon Echo Pop Kids (newest model), Enjoy age-appropriate audiobooks, sleep routines and Alexa+ experiences to create and learn, Disney Princess design",Amazon Echo & Alexa,59.97,True,mid-range
B0FMKFTGDJ,kitchen knife set,"Cuisine::pro Damashiro Knife Block (Hiryu, 10-Piece Set) - Premium Japanese Steel Knife Set with Acacia Wood Block & Tempered Glass Window - Damascus-Inspired Blade",CUISINE::PRO,271.99,False,premium
B0FV8J9YT2,kitchen knife set,Kitchen Knife Set with Block & Dual Sharpener 15pc German Steel,KOSROR,89.98,False,mid-range
B09M7KJJF6,kitchen knife set,Dalstrong 8-Pc Knife Block Set - White Handle Edition,Dalstrong,249.0,False,premium
B0DKMHKDK3,kitchen knife set,Cutluxe 3-Piece Chef Knife Set – Ultra Sharp Japanese Kitchen Knives,Cutluxe,37.49,False,premium
B0C1YBPJ43,kitchen knife set,Astercook Knife Set for Kitchen with Block and Sharpener 15pcs German,Astercook,39.88,False,budget
B00GHX5HGG,kitchen knife set,"Henckels Statement 15-Pc Knife Block Set, Razor-Sharp, German Engineered",,59.985,True,mid-range
B0G8HTRKQG,kitchen knife set,"Astercook Knife Set, 6-Piece Kitchen Knife Set with Block, High Carbon Stainless Steel Ultra Sharp Kitchen Knives, Wood Grain Handle, Dishwasher Safe Knife Block Set, Black, Kitchen Utility Knives",Astercook,21.99,False,budget
B0F3KWZQ61,kitchen knife set,"Yatoshi Professional Kitchen Knife Set, 15 Pieces, High Carbon Stainless Steel, Ergonomic Handle",Yatoshi Knives,199.99,False,premium
B0GTV7FZJT,kitchen knife set,Astercook Knife Set 15 Piece German Steel Kitchen Knife Block Set,Astercook,64.99,False,mid-range
B0CWRCCFTM,kitchen knife set,"Knife Set, Brewin Kitchen Knife Set, Knives Set for Kitchen, Universal Knife Block, Utility Knife Block Set, New Home Essentials, Apartment Essentials, Camping essentials, RV Essentials",Brewin,35.99,False,budget
B0H29DY269,kitchen knife set,"1200 Count Plastic Knives Heavy Duty, Clear Plastic Knives Disposable Bulk",PrimorixDD,39.99,False,budget
B0H25NYHZS,kitchen knife set,"Nice Kitchen Dinner Knives Set of 12,9.1-Inch",Nice Kitchen,31.99,False,budget
B0H69QPFZ8,kitchen knife set,imarku 18-Piece Gyutou High-Carbon Stainless Steel Knife Set with Block,imarku,269.99,False,premium
B0D1DGYSFR,kitchen knife set,"Mercer Culinary BPX Paring Knife, 4-Inch",Mercer Culinary,19.5,False,budget
B0H1B7725K,kitchen knife set,"Knife Set - 15 PCS Kitchen Knife Set with Built-in Knife Sharpener Block, German Stainless Steel Knife Set, Dishwasher Safe, Steak Knives & Scissors, White",KATISUN,49.99,False,mid-range
B0DYP3J5BW,kitchen knife set,"Knife Set,Astercook Kitchen Knife Set with Block 14-Piece Full Tang Stainless Steel Knives with Sharpener Dishwasher Safe and Anti-Slip Ergonomic Handle Utensils Set",Astercook,58.98,False,mid-range
B01ALYD1WI,kitchen knife set,"Cuisinart 15-Piece Knife Set with Block, High Carbon Stainless Steel, Forged Triple Rivet, White, C77WTR-15P",Cuisinart,94.94,False,premium
B0CP5QXC1H,kitchen knife set,"HOSHANHO 16PCS Knife Set, Ultra Sharp Japanese Kitchen Knife Set with Block",HOSHANHO,428.99,False,premium
B0H2XG4DDJ,kitchen knife set,"PAUDIN Kitchen Knife Set with Block, 16-Piece Razor Sharp Chef Knife Set",PAUDIN,399.99,False,premium
B0H45CW221,kitchen knife set,"PAUDIN 5 PCS Kitchen Knife Set,Ultra Sharp Chef Knife Set, Full Tang Handle",PAUDIN,109.99,False,premium
B0DQ7QVDKL,kitchen knife set,"Professional Kitchen Chef Knife sets, Razor Sharp Premium High Carbon German Steel 3 pcs Knife Set, Ergonomic Forged Pakkawood Handle, Chef, Santoku & Utility Knife, With Premium Gift Box, for Family",TONGMARU,69.99,False,mid-range
B0CBWXCS6B,kitchen knife set,KIMROSE Damascus Knife Set - 3PCS - High-Carbon 10Cr15CoMoV Alloy Steel - Professional Chef Knife - G10 Handle - Razor Sharp Kitchen Knives - Magnetic Sheath - Gift Box,KIMROSE,179.9,False,premium
B0CRH87MK9,kitchen knife set,"Knife Set, 15 Pieces Kitchen Knife Set with Built in Sharpener, High Carbon German Stainless Steel Knife Block Set, Dishwasher Safe, Fathers Day Gift for Men",Amorston,39.99,False,mid-range
B0G4LV352H,kitchen knife set,"Astercook Knife Set, 15 Pieces Kitchen Knife Set with Sharpener Block, German Stainless Steel Knives with Anti-Rust Coating, Dishwasher Safe, Elegant Cream White Design, Perfect for Holiday Gifts",Astercook,39.99,False,budget
B0BNJWWR3S,kitchen knife set,MARTHA STEWART Eastwalk 14 Piece High Carbon Stainless Steel Cutlery Kitchen Knife Block Set w/ABS Triple Riveted Forged Handle Acacia Wood Block - Linen White,Martha Stewart,59.985,True,premium
B007RWD11Y,kitchen knife set,"Farberware 15-Piece Kitchen Knife Set, High-Carbon Stainless Steel Blades with Wood Block, Steak Knives, Sharpening Tool & All-Purpose Shears, Razor Sharp, Ergonomic Stainless Steel Handles",Farberware,35.18,False,budget
B0DFZG4CR3,kitchen knife set,"Martha Stewart Knife Block Set 16-Piece - Lockton High Carbon Stainless Steel Forged Full Tang Chef Knives, Acacia Wood Block, Triple Riveted Handles, Linen White & Gold",Martha Stewart,84.99,False,mid-range
B00GIBKC3K,kitchen knife set,"Cuisinart 15-Piece Stainless Steel Hollow Handle Block Set, C77SS-15PK",Cuisinart,99.95,False,premium
B08VJLYQ5D,kitchen knife set,"Henckels Solution 7-Pc Knife Set, Razor-Sharp, German Engineered",,89.95,False,mid-range
B0BW91HX7D,kitchen knife set,"Knife Set, Astercook 21 Pieces Knife Sets for Kitchen with Block, Dishwasher Safe Kitchen Knife Set with Built-in Sharpener, German Stainless Steel Black Knife Block Set, Fathers Day Gift for Men",Astercook,49.99,False,mid-range
B0G8HSMYJJ,kitchen knife set,"Astercook Knife Set, 6-Piece Kitchen Knife Set with Block, High Carbon Stainless Steel Ultra Sharp Kitchen Knives, Wood Grain Handle, Dishwasher Safe Knife Block Set, Khaki, Kitchen Utility Knives",Astercook,24.99,False,budget
B0DB4W8FB1,kitchen knife set,"HOSHANHO Butcher Knife Set, Sharp Kitchen Knife Set & Roll Bag Gift for Men",HOSHANHO,207.99,False,premium
B00R3Z49G6,kitchen knife set,"Amazon Basics 14-Piece High Carbon Stainless Steel Kitchen Knife Set with Full Tang Construction, Ergonomic Handles, Sharpener and Pinewood Block, Black",Amazon Basics,59.985,True,premium
B0GCJQ4Z51,kitchen knife set,"Knife Set, 8-Piece Kitchen Knife Set with Universal Block - Anti-Rust Chef Knives, Ergonomic Design, Dishwasher Safe (Black)",NULAS,24.99,False,budget
B09Q5KPFXM,kitchen knife set,15 Pieces Kitchen Knife Set with Block and Sharpener,Vvwgkpk,57.98,False,mid-range
B0G5GGC7FP,kitchen knife set,"imarku Japanese High Carbon Stainless Steel Knife Set with Block, Precision-Forged Gyutou Kitchen Knives with Built-in Sharpener, Ultra-Sharp 10–15° Edge, Ergonomic Non-Slip Handle, Dishwasher Safe",imarku,199.99,False,premium
B0GQGJ4YF5,kitchen knife set,imarku 14-Piece Japanese Gyutou Stainless Steel Kitchen Knife Set,imarku,169.99,False,premium
B0BFQLRHTJ,kitchen knife set,"Astercook Knife Set, 15-Piece Kitchen Knife Set with Block, Built-in Knife Sharpener, German Stainless Steel Knife Block Set, Dishwasher Safe Kitchen Utensils Set",Astercook,49.98,False,mid-range
B0DBJSS5LD,kitchen knife set,Cuisinart 7 Pc Stainless Steel Essentials Cutlery Block Set with Built in Sharpener,Cuisinart,79.95,False,mid-range
B0GK6Q7H3W,kitchen knife set,"imarku 3 Pieces Knife set, Japanese HC Stainless Steel Kitchen Knife Set, Professional Chef Knife Set With Ergonomic Pakkawood Handle, Ultra Sharp Knives Set for Kitchen & Home Cooking, Best Gifts",imarku,59.98,False,mid-range
B09HCX9BTV,kitchen knife set,Cuisinart C77CR-10P 10pc Stainless Steel ColorCore™ Color Rivet Set with Blade Guards,Cuisinart,59.985,True,premium
B0GK19NTQP,kitchen knife set,"imarku 3 Pieces Knife Set, Japanese High Carbon Stainless Steel Chef Knives",imarku,58.99,False,premium
B09BQSYYHC,kitchen knife set,Kitchen Knife Set 19 Piece with Block High Carbon Stainless,Dockorio,25.84,False,budget
B0HC7CLS4G,kitchen knife set,"Ninja NeverDull® Pro 11-Piece Sharpening Knife Set, Forest Sage, WK62011GN6",,299.99,False,premium
B0FM83SLTL,kitchen knife set,"Knife Set, Amorston 21 Pieces Kitchen Knife Set with Block and Sharpener, Ultra-Sharp Knives Set with Ergonomic Handles, Black German Stainless Steel Knife Block Set, Dishwasher Safe",Amorston,59.98,False,mid-range
B0FXX4Q21N,kitchen knife set,14-Piece Black Kitchen Knife Block Set with Built-In Sharpener,HENKELIVING,26.99,False,budget
B0C9LP36Q5,kitchen knife set,"SYOKAMI 2026 Upgrade Kitchen Knife Set, Foldable Magnetic Acacia Wood Block",SYOKAMI,89.98,False,premium
B0GC9RJQT1,kitchen knife set,Amorston 22 Pieces Knife Block Set with Built-in Sharpener,Amorston,59.99,False,mid-range
B09B7WRM8P,kitchen knife set,"Ninja K32012 Foodi NeverDull Premium Knife System, 12 Piece Knife Block Set with Built-in Sharpener, German Stainless Steel Knives, Black",,288.0,False,premium
B0CKXSGV8F,kitchen knife set,17-Piece Black German Steel Kitchen Knife Block Set,KATISUN,29.98,False,budget
B01B3GARVG,kitchen knife set,"Amazon Basics Color-Coded Dishwasher Safe Kitchen Knife Set, 12-Piece with Ergonomic Handles, Non-stick Sharp Blades, 6 Knives with 6 Blade Guards, Multicolor, 13.88 x 4.13 x 1.38 inch",Amazon Basics,15.98,False,budget
B0H2NBJ2RN,kitchen knife set,"Ninja® NeverDull® 10-Pc German Steel Knife Set, Stone Gold, NK32010SD1",,249.99,False,premium
B0FDR5YWM6,kitchen knife set,HENCKELS Statement 13-pc Self-Sharpening Knife Block Set,,59.985,True,premium
B0CFXNZ26Z,kitchen knife set,Amorston Knife Set 15 Piece Kitchen Knife Set with Block,Amorston,39.99,False,budget
B08YMKNDNY,kitchen knife set,"Chicago Cutlery Insignia Triple Rivet Poly (18-PC) Kitchen Knife Block Set With Wooden Block & Built-In Sharpener, Black Ergonomic Handles and Sharp Stainless Steel Professional Chef Knife Set",Chicago Cutlery,188.0,False,premium
B0D9B96TBX,kitchen knife set,"Astercook Knife Set, 13 Pieces Kitchen Knives Set with Healthy Anti-Rust Coating, Dishwasher Safe, Stainless Steel Chef Knife Sets with 6 Blade Guards, Perfect Holiday Gifts for Kitchen",Astercook,34.99,False,budget
B0BCDKP34B,kitchen knife set,"RAXCO Knife Set,10-Piece Stainless Steel Kitchen Knife Set with Block,Black",RAXCO,19.99,False,premium
B0763Q7K2W,kitchen knife set,"HENCKELS Premium Quality 15-Piece Knife Set with Block, Razor-Sharp, German Engineered Knife Informed by over 100 Years of Masterful Knife Making, Lightweight and Strong, Dark Brown",,59.985,True,premium
B0FJ1M2J1S,kitchen knife set,"Astercook Knife Set, Kitchen Knives Set with Block and Sharpener Full Tang 17 Pcs German Stainless Steel Knives Sharp Blade Dishwasher Safe Premium Knife Set, Black Father Day Gifts for Men",Astercook,119.99,False,premium
B07C2Z21X5,DSLR camera,"Canon EOS Rebel T7 DSLR Camera EF-S 18-55mm f/3.5-5.6 is II Lens Kit, 24.1 Megapixel CMOS (APS-C) Sensor, Full HD Videos, Built-in Wi-Fi, Beginner Photographers, Digital Camera, Black",,499.0,False,mid-range
B0101RW3QK,DSLR camera,"Canon EOS Rebel T7 DSLR Camera Double Zoom Lens Kit with EF-S 18-55mm and EF 75-300mm Lenses, 24.1 Megapixel CMOS (APS-C) Sensor, Full HD Videos, Wi-Fi, Beginner Photographers, Digital Camera, Black",,244.99,True,mid-range
B06Y5RTN1T,DSLR camera,"Nikon D7500 20.9MP DSLR Camera with AF-S DX NIKKOR 18-140mm f/3.5-5.6G ED VR Lens, Black",,746.01,False,premium
B07PCSKGP7,DSLR camera,Canon EOS Rebel T7 DSLR Camera with EF-S 18-55mm F3.5-5.6 is II Lens Bundle,,529.0,False,mid-range
B0C5PGRP7V,DSLR camera,"Canon EOS R100 Mirrorless Camera RF-S18-45mm F4.5-6.3 is STM Lens Kit, 24.1 Megapixel CMOS (APS-C) Sensor, 4K Video, Wi-Fi & Bluetooth, Beginner Photographers and Creators, Digital Camera, Black",,549.0,False,premium
B0B9BLHWB8,DSLR camera,"KODAK PIXPRO AZ528 16MP Digital Camera, 52x Optical Zoom, Wi-Fi, Black",,244.99,True,mid-range
B07B45D8WV,DSLR camera,Sony Alpha a7 III Mirrorless Camera with 28-70mm Lens Black,,1328.84,False,premium
B0BLLCJ963,DSLR camera,"KODAK PIXPRO AZ405 20MP Digital Camera, 40x Optical Zoom, AA, OIS, Black",,219.0,False,mid-range
B0H2DVMCR1,DSLR camera,5K Digital Cameras for Photography 80MP WiFi UHD Autofocus Vlogging Camera,Notoldpine,89.99,False,budget
B086TTTZR5,DSLR camera,"Canon EOS RP Full-Frame Mirrorless Interchangeable Lens Camera + RF24-105mm Lens F4-7.1 is STM Lens Kit- Compact and Lightweight for Traveling and Vlogging, Black (3380C132)",,244.99,True,mid-range
B004U4UHTQ,DSLR camera,Nikon D5100 16.2MP Digital SLR Camera & 18-55mm VR Lens,,244.99,False,mid-range
B09ZRN1N3Z,DSLR camera,"KODAK PIXPRO FZ55 16MP Compact Digital Camera, 5X Optical Zoom, Black",,244.99,True,premium
B06Y5ZCFHX,DSLR camera,Nikon D7500 DX-Format Digital SLR Body,,580.15,False,premium
B0BL7ZVY78,DSLR camera,"Canon EOS R6 Mark II Mirrorless Camera (Body Only), Full-Frame Camera, 24.2 Megapixel CMOS Sensor, Photo and Video Capabilities, Black",,244.99,True,premium
B0BTTV6CT1,DSLR camera,"Canon EOS R50 Mirrorless Camera RF-S18-45mm F4.5-6.3 is STM Lens Kit, 24.2 Megapixel CMOS (APS-C) Sensor, 4K Video, Vlogging, Content Creation, Photography, Digital Camera, Black",,244.99,True,premium
B0012OGF6Q,DSLR camera,Nikon D60 DSLR Camera with 18-55mm f/3.5-5.6G Auto Focus-S Nikkor Zoom Lens,,153.0,False,mid-range
B0FW4M379J,DSLR camera,"Camera Harness, Dual Camera Harness, Camera Straps for Photographers for DSLR/SLR",Jerliflyer,36.99,False,budget
B0H39G9P1K,DSLR camera,"K&F CONCEPT Camera Backpack, DSLR/SLR/Mirrorless Photography Camera Bag",K&F CONCEPT,35.99,False,budget
B0BJPN1Y3H,DSLR camera,"Olive Green Camera Strap,Double Layer top-grain Cowhide Ends,1.5""Wide Pure Cotton Woven Camera Strap,Adjustable Universal Neck & Shoulder Strap for All DSLR Cameras,Great Gift for Photographers",Padwa Lifestyle,16.98,False,budget
B011WTM622,coffee maker,"ESPRO P3 French Press Coffee Maker, 32oz, Black, Double Micro Filter Press",ESPRO,39.94,False,budget
B0FXBY6BVL,coffee maker,"Chefman CraftBrew Espresso Machine, 15-Bar Pump Digital Espresso Maker w/Steam Wand for Latte & Cappuccino, Compact Espresso Coffee Machine w/ 1.5L Removable Water Reservoir - Stainless Black",Chefman,79.99,False,mid-range
B0H42JFSHP,coffee maker,"Ratio Eight Series 2 Drip Coffee Maker, 8-Cup Glass Carafe",Ratio,159.0,False,mid-range
B011WTWIPW,coffee maker,"ESPRO P7 French Press, 32oz, Matte Black, Stainless Steel Coffee Maker",ESPRO,144.99,False,premium
B01GJOMWVA,coffee maker,BLACK+DECKER 12-Cup Drip Coffee Maker with Vortex Brewing,,34.99,False,budget
B07S98411N,coffee maker,"Ninja Fresh Brew Coffee Maker, 12 Cup Glass Carafe, Stainless Steel, CE251",,77.47,True,premium
B09715G57M,coffee maker,"Keurig K-Express Single Serve K-Cup Pod Coffee Maker, 3 Brew Sizes, Strong Button Feature, 42oz Removable Reservoir, Black",Keurig,77.47,True,mid-range
B07684BPLB,coffee maker,Hamilton Beach FrontFill 12 Cup Programmable Drip Coffee Maker,Hamilton Beach,34.99,False,budget
B0D8LXRHQ8,coffee maker,"Keurig K-Duo Hot & Iced Single Serve & Carafe Coffee Maker, MultiStream Technology, 72oz Reservoir (Gen 2)",Keurig,77.47,True,mid-range
B0C8B9V7HR,coffee maker,"BLACK+DECKER 12-Cup Coffee Maker with Easy On/Off Switch, Easy Pour, Non-Drip Carafe with Removable Filter Basket, Vortex Technology, Black",,27.97,False,budget
B0FJ891D8Y,coffee maker,MEGAWISE Espresso Machine with 20Bar High-Pressure Extraction,MEGAWISE,269.99,False,premium
B0GRYTYQL9,coffee maker,"Gevi 20 Bar Espresso Machine with Milk Frother,Compatible with Pods&Ground",Gevi,139.99,False,premium
B0GDF4PL97,coffee maker,"Sorgente Stainless Steel Espresso Machine 20 Bar, Silky-Smooth Milk Foam",Sorgente,109.99,False,mid-range
B0GL99Y6ND,coffee maker,"34 oz Bronze French Press Coffee Maker, Heat Resistant Thick Glass Stainless Steel Coffee Press for Coffee, Tea & Cold Brew",PSAVGLA,24.99,False,budget
B0CR6BWHQN,coffee maker,"Amaste Coffee Maker, 5 Cup Coffee Pot with Three Brewing Modes, Retro Coffee Maker with Glass Carafe & Reusable Coffee Filter, Drip Coffee Maker Ideal for Home or Office, Warming Plate, Ash Blue",Amaste,69.99,False,mid-range
B00MVWGQX0,coffee maker,"Cuisinart Coffee Maker, Programmable, Stainless Steel, 14-Cup Glass Carafe",Cuisinart,77.47,True,mid-range
B0GQBYVN9W,coffee maker,Hamilton Beach 2-Way Drip Coffee Maker & Single Serve Coffee Machine,Hamilton Beach,64.99,False,mid-range
B0H6HX1RNG,coffee maker,"XIXUBX 6 Bar Espresso Machine, Compact with Milk Frother, Stainless Steel",XIXUBX,89.99,False,premium
B0DQ22GPKD,coffee maker,"Zulay Magia Super Automatic Espresso Maker Machine with Grinder - 19 Fully Customizable Coffee Options, Auto Cleaning, Milk Foam System - for Latte, Cappuccino- Prime - Silver (13.8x18x9.4)",Zulay Kitchen,799.99,False,budget
B0F3J7H7QR,coffee maker,HIBREW H10B Programmable Espresso Machine with LED Display & Pressure Gauge,HIBREW,149.99,False,premium
B0GGLXDQM8,coffee maker,"Nostalgia Classic Retro 10 Cup Coffee Maker - One-Touch Drip Brew, Reusable Filter - Anti-Drip, Auto Shutoff, & Time Display - Dishwasher Safe 50 oz Carafe - Black",Nostalgia,49.99,False,budget
B0FHSC6SPM,coffee maker,"Keurig K-Express Single Serve K-Cup Pod Coffee Maker, 3 Brew Sizes, Strong Button Feature, 42oz Removable Reservoir, Evergreen",Keurig,69.99,False,mid-range
B0892TW82K,coffee maker,"Keurig K-Supreme Single Serve K-Cup Pod Coffee Maker, MultiStream Technology, 4 Brew Sizes, 66oz Dual-Position Removable Reservoir, Black",Keurig,74.95,False,mid-range
B0D45PK5V4,coffee maker,"Ninja Luxe Café Premier 3-in-1 Espresso Machine, Drip Coffee, & Cold Brew",,77.47,True,premium
B00CH9QWOU,coffee maker,"Breville BES870XL Barista Express Espresso Machine, Brushed Stainless Steel",,694.99,False,premium
B0D9QFRJMX,coffee maker,"Amazon Basics 5 Cup Drip Coffee Maker with Glass Coffee Pot (0.8 Qt), Auto Shut-off, Auto Pause, Removable Filter Basket, Matte Black",Amazon Basics,18.89,False,budget
B078NN17K3,coffee maker,"Keurig K-Elite Single Serve K-Cup Pod Coffee Maker, with Strength and Temperature Control, Iced Coffee Capability, 8 to 12oz Brew Size, Programmable, Brushed Slate",Keurig,77.47,True,mid-range
B0CZQCTD4K,coffee maker,"Elite Gourmet EHC4128 Automatic 4-Cup Drip Coffee Maker, Black",Elite Gourmet,77.47,True,budget
B0H6M2J4GK,coffee maker,"10 Cup Programmable Coffee Maker, Regular & Strong Brew Drip Coffee Machine",Horavie,39.99,False,mid-range
B08QD33PZ2,coffee maker,"Mr. Coffee® 5-Cup Mini Brew Switch Coffee Maker, Black",Mr. Coffee,77.47,True,budget
B0CSDRZSGG,coffee maker,"Ninja Hot & Iced XL Coffee Maker with Rapid Cold Brew, Black, CM371",,139.99,False,premium
B002YI2IG0,coffee maker,"Mr. Coffee Black Coffee Maker, 12 Cups, with Auto Pause and Glass Carafe, Perfect for Home and Office Use",Mr. Coffee,33.99,False,mid-range
B0DPNJVG1Z,coffee maker,"Bella 12-Cup Programmable Coffee Maker, LCD, Auto Shutoff, 900W",BELLA,30.99,False,budget
B0DHCJDJBW,coffee maker,Tastyle Mini Single Serve Hot and Iced Coffee Maker for K Cup and Ground,Tastyle,39.96,False,budget
B0DJFBF3SH,coffee maker,"Ninja Pod and Grounds Coffee Maker, K-Cup Compatible, Stone, PB051ST",,99.99,False,premium
B00EI7DPPI,coffee maker,"Hamilton Beach 2-Way Brewer Coffee Maker, Single-Serve and 12-Cup Pot, Black/Stainless Steel(49980A), Carafe",Hamilton Beach,77.47,True,mid-range
B018UQ5AMS,coffee maker,"Keurig K-Classic Single Serve K-Cup Pod Coffee Maker, with 3 Brew Sizes, 48oz Removable Reservoir, Black",Keurig,77.47,True,mid-range
B0BM3C13B6,coffee maker,Mueller 12-Cup Drip Coffee Maker,MÜELLERHOME,27.97,False,budget
B0FMSTSYL7,coffee maker,"Keurig K-Mini Mate Single Serve K-Cup Pod Coffee Maker, Brews Up to 12 oz Cup, Compact Portable Coffee Machine for Small Spaces, Great for Dorms & Offices, Glamping Green",Keurig,77.47,True,budget
B0C2JK9Y8V,coffee maker,"BLACK+DECKER 12 Cup Thermal Programmable Coffee Maker with Brew Strength and VORTEX Technology, Black/Steel, CM2046S",,62.99,False,mid-range
B0F5JFTR1Q,coffee maker,"Ninja Luxe Café Pro Series, Espresso, Cold Brew, Hot Water, ES701",,749.95,False,premium
B00005IBX9,coffee maker,"Cuisinart DCC-1200P1 Brew Central 12-Cup Programmable Coffeemaker Coffee Maker, Carafe, Brushed Chrome",Cuisinart,129.95,False,premium
B01N6T5QNO,coffee maker,"Cuisinart 12-Cup Coffee Maker, Programmable PerfecTemp Thermal Carafe Coffee Machine with 1-4 Cup Setting, Brew Strength Control and Brew Pause, Stainless Steel, DCC-3400NAS, Silver",Cuisinart,128.49,False,mid-range
B0FFN4JDNP,coffee maker,"AIRMSEN 12-Cup Programmable Duo Coffee Maker – Single Serve Machine for K-Cup Pods & Ground, 1000W Fast Brew, Delay Start, 2H Keep Warm, Touchscreen, 60oz Tank, Glass Carafe – Home & Office (Black)",AIRMSEN,99.99,False,mid-range
B078WMLXXG,coffee maker,"Breville BES880BSS Barista Touch Espresso Machine, Brushed Stainless Steel",,987.99,False,premium
B0G6NCZ3WK,coffee maker,"Keurig K-Mini Mate Single Serve K-Cup Pod Coffee Maker, Brews Up to 12 oz Cup, Compact Portable Coffee Machine for Small Spaces, Great for Dorms & Offices, Pink Sands",Keurig,49.99,False,budget
B0FG7Q1X5B,coffee maker,"Coffee Maker Hot & Iced With Bold Setting,Single Serve Coffee Maker For K Cup And Grounds,52 Oz Removable Water Tank,6-14 Oz Brew Sizes,One Cup Kcup Coffee Machine With Reusable Filter,(Black)",TWOMEOW,49.99,False,budget
B00DWKEHU4,coffee maker,"Keurig K155 Office Pro Single Cup Commercial K-Cup Pod Coffee Maker, Silver",Keurig,299.99,False,premium
B00006IV0Q,coffee maker,Presto 02811 Stainless Steel 12-Cup Electric Coffee Percolator,Presto,77.47,True,budget
B00AF7WUO2,coffee maker,"Hamilton Beach One Press Programmable Dispensing 12 Cup Coffee Maker with Internal Coffee Pot, Stays Warm and Fresh for Hours, 60 oz. Removable Reservoir, Black & Stainless Steel (47950)",Hamilton Beach,69.59,False,mid-range
B0DWBJ6CM1,coffee maker,"Keurig K-Express Single Serve K-Cup Pod Coffee Maker, 3 Brew Sizes, Strong Button Feature, 42oz Removable Reservoir, Lavender",Keurig,69.99,False,mid-range
B0B69LJ3BD,coffee maker,Jura E4 Piano White Automatic Coffee Machine,,1337.84,False,premium
B0B41D4PR1,coffee maker,"Elite Gourmet EHC113M Personal Single-Serve Compact Coffee Maker, Mint",Elite Gourmet,77.47,True,budget
B08QZSN97Z,coffee maker,"Ninja Specialty Drip Coffee Maker, DualBrew Pro, Black, CFP301",,77.47,True,premium
B0DR31TG5X,coffee maker,"Pantrymade Dual Brew Coffee Maker, 12-Cup Drip & Single Serve K-Cup, Black",Pantrymade,99.95,False,budget
B0FTZZYP24,coffee maker,Hamilton Beach FlexBrew Trio 2-Way Drip & Single Serve Coffee Maker,Hamilton Beach,109.95,False,mid-range
B098CHH298,coffee maker,"BLACK+DECKER 12-Cup* Programmable Coffeemaker, Black",,31.99,False,budget
B0DBHTL3CN,coffee maker,"PHILIPS 5500 Series Fully Automatic Espresso Machine, LatteGo Milk System",,759.94,False,premium
B0H8DBTLV6,gaming chair,"GTPLAYER Gaming Chair, High Back Leather Computer Gaming Chair with Footrest, Ergonomic Height Adjustable Office Chair with Removable Cover and Lumbar Support for Gaming & Work,Black",GTPLAYER,119.97,False,budget
B0H7BR91VM,gaming chair,"Gamtimer Gaming Chair, 400 LB Weight Capacity,with Pocket Spring Cushion",Gamtimer,149.99,False,mid-range
B0H6PZMQ1L,gaming chair,"Gaming Chair Ergonomic Gamer Computer Office Chair,Footrest Lumbar Support",MINOMAC,129.99,False,mid-range
B0DZCLTHW7,gaming chair,"Gamtimer Gaming Chair with Footrest, Ergonomic Computer Chair, PU Breathable Material with Headrest and Lumbar Support, Suitable for Silla Gamer and Adults（Grey）",Gamtimer,142.48,False,mid-range
B0H6SD9317,gaming chair,"Gaming Chair for Adults Gamer Game Ergonomic PC Chair, 7-Point Support",JECQCUPG,125.99,True,budget
B0H49HVCPW,gaming chair,Gaming Chair Gamer Game Ergonomic with Footstool Lumbar Support Deep Black,VOYADOTE,64.99,False,budget
B0H82WWZ1D,gaming chair,"Gaming Chair for Adults with Footrest, Ergonomic Computer Chair, 330 lb",NZFYTRT,99.99,False,budget
B0F9YFX3QN,gaming chair,"GTPLAYER Gaming Chair, Computer Office Chair with Pocket Spring Cushion, Linkage Armrests and Footrest, High Back Ergonomic Computer Chair with Lumbar Support Task Chair with Footrest(Black)",GTPLAYER,125.99,True,budget
B0HBNDKB2X,gaming chair,"Video Gaming Chair for Adults with Footrest, Ergonomic Computer Chair,Black",HELXQEXB,64.99,False,budget
B08B12P6CS,gaming chair,"GTPLAYER Gaming Chair, Computer Chair with Footrest and Lumbar Support, Height Adjustable Game Chair with 360°-Swivel Seat and Headrest and for Office or Gaming (Faux Leather, Black)",GTPLAYER,109.99,False,mid-range
B0GWHGDFC6,gaming chair,"Big and Tall Office Chair, Computer Desk Chair with FootRest, Black",FIDOM,249.99,False,mid-range
B0H6ZWS7BF,gaming chair,"Gaming Chair,Big and Tall Gaming Chair 400lbs Office Chair with Footrest, 90-155° Recline & Removable Headrest Lumbar Support[Spring + 4D Sponge](Grey)",MINOMAC,119.99,False,mid-range
B0GT8YM7Y1,gaming chair,Nouhaus Strato Mesh Ergonomic Office Chair with Height Adjustable Back,Nouhaus,329.99,False,premium
B0H4R27GJ9,gaming chair,"Blacklyte Kraken Pro Large Ergonomic Gaming Chair with Self-Adjusted Floating Lumber Support, 4D Magnetic Armrests, Recline, PU Leather, Silent Casters & Aluminum Base, Home Office Desk Chair",Blacklyte,599.99,False,premium
B0GSPDRHW1,gaming chair,"GTPLAYER Gaming Chair, Comfort Computer Office Chair for Adults,Off - White",GTPLAYER,139.9,False,mid-range
B0GXZ69S18,gaming chair,"GTPLAYER Big & Tall Gaming Chair, Wide Seat with Footrest, Black",GTPLAYER,107.96,False,mid-range
B0FN3JSVNZ,gaming chair,"GTPLAYER Gaming Chair Fabric with Pocket Spring Cushion, Big and Tall Gamings Chairs 350LBS High Back Computer Chair with Footrest for Adults Lumbar Support Swivel Game Chair for Office Light Black",GTPLAYER,125.99,True,budget
B0FX44YTGC,gaming chair,"Blacklyte Athena Pro Gaming Chair with Built-in Lumbar Support, Height Adjustable Computer Chair with Magnetic Head Pillow, 4D Armrests, Aluminum Base, Capacity 330lbs (Athena Pro, Black Fabric)",Blacklyte,499.99,False,premium
B0F21R24VX,gaming chair,"Gaming Chair,Office Chair with Massage,Gel Pad,Black Grey",Morkprism,125.99,True,budget
B0H1FPJ2GG,gaming chair,"Ergonomic Office Chair with Footrest,90-135°Reclining Mesh Desk Chair",Gaining,155.99,False,budget
B0FXX83W1H,gaming chair,"Mesh Ergonomic Office Chair with Footrest,Black",hujusko,209.99,False,premium
B0CG6V2XGS,gaming chair,TRALT Office Chair Ergonomic Desk Chair - Gaming Chair with Lumbar Support,TRALT,125.99,False,mid-range
B0BN6RRD5V,gaming chair,Corsair TC100 Relaxed Gaming Chair - Leatherette - Racing-Inspired Design - Lumbar Pillow - Detachable Memory Foam Neck Pillow - Adjustable Seat Height - Adjustable Armrests - Black,,164.99,False,premium
B0FRMS6KF3,gaming chair,"Dowinx Ergonomic Gaming Chair with Footrest & Massage Lumbar, 2D-Linkage Armrests for Computer Chair 330lbs with Headrest Pillow for Office, Home, Streaming and Long Gaming Sessions, White",Dowinx,89.99,False,budget
B0FFGK32C5,gaming chair,"Sweetcrispy Computer Desk Chair, Lumbar Support Video Game Chair PU Leather",Sweetcrispy,67.96,False,budget
B0CP22DQQS,gaming chair,Marsail Ergonomic Office Chair: Office Desk Chair with High Back Mesh and Adjustable Lumbar Support Rolling Work Swivel Task Chairs with Wheel 3D Armrests and Headrest,Marsail,125.99,True,mid-range
B0H7XF1D5Z,gaming chair,"Video Gaming Chair for Adults with Footrest, Ergonomic Computer Chair, Gray",EYZLKQH,99.99,False,budget
B0GVZYSLK2,gaming chair,"HapGIFT Gaming Chair, Ergonomic Computer Gaming Chairs with Link Armrest, PU Leather Video Game Chairs for Adults Teens, Height Adujustable Racing Style PC Chair for Home, 300LBS (BLACK)",HapGIFTㅤ,69.99,False,budget
B0DGK8TG51,gaming chair,"Office Chair Ergonomic Desk Chair, 330LBS Capacity, High Back Computer Chair for Long Hours Comfortable, Rolling Swivel Executive Task Chair for Home Office with Flip-up Armrests, Black",Synorla,94.99,False,budget
B0D9VPSQM7,gaming chair,"CAPOT Ergonomic Mesh Office Chair, Adjustable Lumbar High Back Desk Chair 400lbs, 4D Flip-up Arms, 3-Level Tilt Backrest, 3D Headrest, PU Wheels, Swivel Rolling Computer Seating for Long Desk Work",CAPOT,125.99,True,budget
B0D4TKP2M1,gaming chair,"GTPLAYER Big and Tall Gaming Chair Fabric with Pocket Spring Cushion, High Back Ergonomic Computer Chair with Footrest for Adults Lumbar Support Swivel Game Chair for Office Gaming 350LBS, Black",GTPLAYER,125.99,True,budget
B0G2BPN56M,gaming chair,"Gaming Chair - High Back Ergonomic Computer Chair with Lumbar Support, Video Game Chair-4D Adjustable Armrests,170° Reclining & 320lb Capacity,Game Chair for Home",VENTUVIBE,218.49,False,premium
B0GXVTGXC2,gaming chair,"Gaming Chair, Ergonomic Computer Chair with Footrest Lumbar Support, Red",Frovlni,99.99,False,budget
B0CB1BNBY7,gaming chair,High Back Gaming Chair with Linkage Armrest & Footrest - Black,ErgoDesign,79.99,False,budget
B0H38R57G6,gaming chair,"Gaming Chair,Big and Tall Gaming Chair 400lbs Office Chair with Footrest, 90-155° Recline & Removable Headrest Lumbar Support[Spring + 4D Sponge] (White)",MINOMAC,119.99,False,mid-range
B0CG6TN45R,gaming chair,TRALT Office Chair Ergonomic Desk Chair - Gaming Chair with Lumbar Support,TRALT,125.99,False,budget
B0FH25Z9W3,gaming chair,"Gaming Chair Covers Only,Stretchable Fit Thick Breathable Mesh",WYLEBER,25.99,False,budget
B0DY6ZP7YW,gaming chair,"Gamtimer Gaming Chair, 400 LB Weight Capacity,with Pocket Spring Cushion",Gamtimer,149.99,False,mid-range
B0GS5QKBP2,gaming chair,"ALLGOD Office Desk Chair, Big and Tall Computer Gaming Chair with footrest",ALLGOD,169.99,False,budget
B0GXDR1VWR,gaming chair,"GTPLAYER Gaming Chair, Ergonomic Computer Chair with Footrest and Lumbar Support, High Back Recliner Chair 350lbs, Height Adjustable for Home Office, Purple",GTPLAYER,94.76,False,budget
B0GXZ39NBD,gaming chair,"Office Chair, Desk Chair Comfy Computer Chair Ergonomic Mesh Office Chair",DYQKEA,89.0,False,budget
B0GHWLZF39,gaming chair,"Desk Computer Gaming Chair - High Back Ergonomic Office Chair with Footrest and Lumbar Support, Swivel Comfy Home Gamer Video Game Chairs with Pocket Spring Cushion for Adults (White Leather)",Kslysuty,125.99,True,budget
B0FLJLV8WN,gaming chair,"GTPLAYER Gaming Chair, Computer Game Chair for Adults, RGB Black",GTPLAYER,125.97,False,mid-range
B0DCHXTGRN,gaming chair,"White Gaming Chair,Ergonomic Massage Office Desk Chair with Footrest",TUKAKA,159.99,False,budget
B0FWQK7TBQ,gaming chair,"GTPLAYER Gaming Chair with Bluetooth Speakers and Footrest, Dragon Series Video Game Chair, Heavy Duty Ergonomic Chair, Esports Gaming Chair, Computer Office Desk Chair(DEEP Black)",GTPLAYER,179.87,False,premium
B0DBRDW93D,gaming chair,"X Rocker PC Computer Gaming Desk Chair with Wheels, College Dorm Room Essentials for Guys and Girls, Adjustable, Ergonomic Office Chair, Gifts for Gamers",X Rocker,149.0,False,mid-range
B0F21SSY1N,gaming chair,"Gaming Chair,Computer Office Chair with Massage,Gel Pad,White",Morkprism,149.99,False,budget
B0F6WBLG4W,gaming chair,"GTPLAYER Computer Chair with Adjustable Footrest, Ergonomic Gaming Chair with Headrest and Lumbar Support, Breathable Mesh Office Chair for Adults, High Back Reclining Desk Chair for Gaming and Office",GTPLAYER,125.99,True,budget
B0H14TPV1L,gaming chair,"Gaming Chair,Ergonomic Computer Gaming Chair,400lb Load-Bearing,Retractable Footrest/Waist Support/Ergonomic Backrest[Spring + 4D Sponge] (Green)",MINOMAC,129.99,False,mid-range
B0DZNMWKXH,gaming chair,"EXCEBET Big and Tall Office Chair with Footrest, PU Leather High Back Executive Office Chair 400lbs, Ergonomic Computer Chairs Lumbar Support for Heavy People (All Black)",EXCEBET,284.98,False,budget
B07KVRRFKF,gaming chair,"BestOffice Ergonomic Gaming Chair for Adults, Video Game Chair, Blue",BestOffice,79.99,False,budget
B0D47CZT4G,gaming chair,Corsair TC500 Luxe Gaming Chair – Premium Breathable Fabric – Wide Seat – Five-Way Adjustable Armrests – Adjustable Built-in Lumbar Support – 90-135 Degree Recline – Sherwood,,125.99,True,premium
B0FBWHDDFT,gaming chair,"DXRacer Gladiator Series L Gaming Chair - Reclining, Ergonomic & Comfortable Computer Chair with 3D Armrest, Wide Seat Base & Headrest Pillow Faux Leather Black",DXRacer,299.0,False,premium
B0GFVL4Z2W,gaming chair,"TRALT Office Chair - Ergonomic Desk Chair with Adjustable Lumbar Support, Mesh Computer Chair, Executive Chair for Home Office Comfortable Lumbar Support (1, Ash Gray)",TRALT,102.59,False,budget
B0FLBZL614,gaming chair,"Ergonomic Gaming Chair, Computer Desk Chairs, 4D Armrests, High Back Office Chair with Headrest & Lumbar Pillow, Tilt Rocker Recliner, Heavy-Duty Base, White PU Leather & Pink Suede Comb",Wyrdforging,299.99,False,premium
B0G57B32XT,gaming chair,AreShark Ergonomic Office Chair - High Back Breathable Mesh Desk Chair with Lumbar Support & Adjustable Headrest - Rolling Swivel Reclining Comfy Computer Gaming Chair with 2D Armrests for Home Office,AreShark,89.99,False,budget
B0FZQD1M8C,gaming chair,"Gamtimer Gaming Chair with Footrest, Ergonomic Computer Chair, PU Breathable Material with Headrest and Lumbar Support, Suitable for Silla Gamer and Adults (White)",Gamtimer,135.37,False,mid-range
B07CPW148Z,backpack,abshoo Classical Basic Womens Travel Backpack For College Men Water Resistant Bookbag (Black),abshoo,15.0,False,budget
B0C13GFY7N,backpack,LHI Military Tactical Backpack for Men and Women 45L Army 3 Days Assault Pack Bag Large Rucksack with Molle System Black,LHI,27.99,False,budget
B0CHGWX7HG,backpack,"Under Armour Unisex Hustle 6.0 Backpack, 002 BLACK, OSFM",Under Armour,45.0,False,premium
B07V4R4Z77,backpack,"SHRRADOO Extra Large Travel Laptop Backpack for Men, Work College Backpacks",SHRRADOO,43.97,False,premium
B07F2YJRN2,backpack,"Volher Laptop Backpack,Business Travel Anti Theft Slim College Backpack",Volher,29.99,False,mid-range
B0DL8W99LM,backpack,"LOVEVOOK Laptop Backpack for Women with Pouch Pocket for Large Capacity Cup,15.6 Inch Laptop Computer Bag Travel Backpack Purse,Waterproof Work Business Backpack College Teacher Bags,Beige-Black-Brown",LOVEVOOK,26.76,False,budget
B0CHGVV5L7,backpack,"Under Armour Unisex Hustle 6.0 Backpack, 003 BLACK, OSFM",Under Armour,45.0,False,premium
B0DT1H3CR1,backpack,Coffee Brown Canvas Backpack for Women & Men Retro Aesthetic Rucksack Basic Backpack for High School/College Students Travel Laptop Bag,GAMLFL,32.99,False,budget
B09MQWWP87,backpack,"Taygeer Travel Backpack for Women, TSA Carry On Backpack Flight Approved",Taygeer,36.97,False,mid-range
B0DQSJM8SX,backpack,"BAGSMART Travel Backpack for Women, 15.6"" College Laptop Backpack, Camel",BAGSMART,27.99,False,budget
B006HFJA12,backpack,"SWISSGEAR 1900 ScanSmart Laptop Backpack, Fits Most 17-Inch Laptops, TSA-Friendly Lay-Flat Design, RFID Protection, and Tablet Pocket, Black, 31L, 18.5-Inch",SwissGear,29.99,True,budget
B08KSHWYL2,backpack,"JanSport Laptop Backpack - Computer Bag with 2 Compartments, Ergonomic Shoulder Straps, 15” Laptop Sleeve, Haul Handle - Blue Dusk",JanSport,56.78,False,premium
B09G1TPWBQ,backpack,"SUPACOOL Casual Laptop Backpack for Men and Women, Work backpack, Black Backpacks, College School Backpack for Boys and Girls, Lightweight Travel Back Pack(Black)",SUPACOOL,22.99,False,budget
B0F9LRK6SS,backpack,"Nike Varsity Elite Backpack (32L), White/Black/Metallic Gold, MISC",Nike,94.99,False,premium
B0F83YR84S,backpack,abshoo Large Heavy Duty Backpack For School College Bookbag Casual Multi Pocket Travel Backpacks,abshoo,29.69,False,mid-range
B079K963KG,backpack,rickyh style School Backpack Travel Bag for Men & Women Lightweight College,rickyh style,14.44,False,budget
B0GJ5HHTJT,monitor 27 inch,"Gawfolk 27 Inch Gaming Monitor IPS 120Hz, QHD 2560 * 1440p PC Monitor",Gawfolk,116.99,False,budget
B0GDFGPQQX,monitor 27 inch,"KTC H27S5C 27 Inch Curved Gaming Monitor, 1440P QHD 144Hz Monitor, HDR 400",KTC,169.99,False,premium
B0D9MK23S7,monitor 27 inch,Acer 27in FHD 1920x1080 IPS 120Hz Gaming Monitor | Office KB272 G0bi,,99.99,False,premium
B0FHXY7VZ5,monitor 27 inch,"LG 27U411A-B 27-inch Full HD (1920 x 1080) IPS Computer Monitor, 120Hz, HDR10, Reader Mode, Flicker Safe, HDMI, Slim Stand Base, Black",,104.99,False,mid-range
B0DM6SNBGM,monitor 27 inch,"ASUS VA279HG 27 Inch 1080P 120Hz Eye Care Gaming Monitor, HDMI, VGA",,99.0,False,budget
B0CHHSFMRL,monitor 27 inch,"Sceptre 27-inch Prime Gaming Monitor 100Hz 1ms DisplayPort HDMI x2 100% sRGB AMD FreeSync Build-in Speakers, Eye Care Frameless Machine Black 2025 (E275W-FW100T Series)",Sceptre,106.18,True,budget
B0FBFM72F2,monitor 27 inch,"KTC 27 Inch QHD Computer Monitor 100Hz (OC 120Hz), 1440P for Home Office",KTC,106.18,False,premium
B0FLM15Q5L,monitor 27 inch,"LG 27G610A-B 27-inch Ultragear QHD (2560 x 1440) IPS Gaming Monitor, 200Hz, 1ms, AMD FreeSync Premium, VESA DisplayHDR 400, HDMI, DisplayPort, Tilt/Height/Swivel/Pivot Stand, Black",,169.99,False,premium
B0H5FG8TL2,monitor 27 inch,"New! Sceptre 27-inch Prime Gaming Monitor DisplayPort x2 180Hz HDMI x2 180Hz Build-in Speakers, Machine Black 2027 (E275B-FW180T Series)",Sceptre,92.97,False,budget
B0B3DS23NB,monitor 27 inch,KOORUI 27 Inch Computer Monitor 144Hz FHD 1080p VA Display for Work & Play,KOORUI,99.99,False,budget
B0D8LH2VSP,monitor 27 inch,Acer Nitro 27in QHD 2560x1440 IPS 180Hz Gaming Monitor KG271U N3bmiipx,,149.99,False,premium
B0F29LH9HP,monitor 27 inch,"ArcticPro 27 Inch Gmaing Monitor 144Hz, FHD 1080p Computer Monitor, IPS",ArcticPro,89.99,False,budget
B0DB9Q5G3R,monitor 27 inch,"Samsung 27"" Essential S3 (S36GD) Series FHD 1800R Curved Computer Monitor",,179.99,False,premium
B0DK44759Y,monitor 27 inch,"Samsung 27"" (S30GD) Essential Monitor with IPS Panel",,139.0,False,premium
B0C8ZJNZY8,monitor 27 inch,"Philips 27"" Computer Monitor FHD 100Hz VA VESA Eye Care, 271V8LB",,104.66,False,mid-range
B0FG632MT5,monitor 27 inch,"msi MAG 274F 27-inch 1920 x 1080 (FHD) Gaming Office Monitor, 200Hz, AMD FreeSync Premium, HDR Ready, HDMI, VGA Port, VESA, Tilt, 0.5ms, Black",,104.99,False,mid-range
B0D4QVHWPJ,monitor 27 inch,"KTC 27 Inch QHD Computer Monitor, 144Hz Gaming PC Monitor, 4000:1, H27T27S",KTC,144.99,False,premium
B0D9R7Q449,monitor 27 inch,LG 27US500-W Ultrafine Monitor 27-Inch 4K UHD (3840x2160) HDR10 IPS Borderless Design Reader Mode Flicker Safe Switch App HDMI DisplayPort - White,,243.99,False,premium
B0H5FJXKRG,monitor 27 inch,"New! Sceptre Curved 27-inch Prime Gaming Monitor DisplayPort x2 180Hz HDMI x2 180Hz 1500R 1ms Build-in Speakers, Machine Black 2027 (C275B-FW180T Series)",Sceptre,98.97,False,budget
B0F72ZCGWB,monitor 27 inch,"ASUS VA27AQ 27 Inch 1440P QHD IPS Computer Monitor, HDMI, DisplayPort, VGA",,124.0,False,mid-range
B0F8DY4QKQ,monitor 27 inch,"Samsung 27"" S3 (S32GF) Series FHD High Resolution Monitor",,159.99,False,premium
B0HBC62SVX,monitor 27 inch,"Azeyou Portable Monitor, 15.6 Inch 1080P FHD IPS Screen Extender - Black",Azeyou,89.99,False,budget
B0C2HGLLM5,water bottle,"ABOTOCUP 32oz Insulated Water Bottle Keep Cold 24h&Hot 12h, Double Wall Vacuum Insulated Water Bottles with Straw/Spout Lid, Stainless Steel Water Bottles that Fit in Any Car Cup Holder, Leak-proof",ABOTOCUP,29.98,False,mid-range
B0CBLY5GWQ,water bottle,"RAYMYLO Insulated Water Bottle 40 oz, Triple Wall Vacuum Stainless Steel",RAYMYLO,31.99,False,premium
B0FHPRCD75,water bottle,"40oz Water Bottles Insulated with Straw,Leak Proof Water Bottles Fit in Car Cup Holder，Mens Water Bottle Stainless Steel for Gym,Hiking,Travel，Sport,Bpa free",HydroFest,31.95,False,premium
B0D8J2ZB8P,water bottle,"POWCAN 26 oz Insulated Water Bottle with 2-in-1 Straw and Spout Lid, Keep Cold 24H, Leak-Proof, Fits in Car Cup Holder, Stainless Steel Water Bottle for Sports, Travel, and School (Dark Knight)",POWCAN,15.99,False,budget
B085DTZQNZ,water bottle,"Owala FreeSip Stainless Steel Water Bottle 24 oz Very, Very Dark",,25.49,True,premium
B0BZYCJK89,water bottle,Owala FreeSip Stainless Steel Water Bottle 24 oz Denim,,25.49,True,premium
B0FFTL7QNC,water bottle,"Owala FreeSip Sway Insulated Stainless Steel Water Bottle with Two-Way Spout, Built-In Straw and Bucket Handle, Made for Travel, School, and Sports, 30oz, BPA Free, Leak Proof, Daybreak",,25.49,True,premium
B0DLCG65B5,water bottle,"DYSANKY Insulated Water Bottle w/Straw Lid & Portable Carrier Bag, 64oz",DYSANKY,26.99,False,mid-range
B0F2WMS7CC,water bottle,Owala Princess FreeSip Stainless Steel Water Bottle 24 oz Cinderella,,34.99,False,premium
B0GSH59RLD,water bottle,"The Memory Company Officially Licensed NCAAPurdue University 34oz Stainless Steel Water Bottle, Team Color, Plaid Design",The Memory Company,39.99,False,budget
B0H6N6WRHK,water bottle,64oz Insulated Water Bottle Leak Proof with Carrier Bag for Sports,WONSYGO,26.99,False,mid-range
B0BZRZGJDL,water bottle,"40 oz Insulated Water Bottle with Straw, Stainless Steel Sports Water Bottles with 2 Lids (Straw and Wide Mouth lid), Double Wall Vacuum, Leakproof, BPA-Free, Black",VQRRCKI,13.49,False,budget
B09ZKSJ59Q,water bottle,"BJPKPK 64oz Insulated Water Bottle, Half Gallon Water Jug with Straw Lid",BJPKPK,23.96,False,mid-range
B0H5YDM8V5,water bottle,"Mayim Swift-Sip Insulated Water Bottle 26 oz, Leakproof One-Hand Open Lid, Patented Easy-Sip Spout, Vacuum Insulated Stainless Steel, Locking Carry Handle, Fits Cup Holder, BPA Free (Ivory)",Mayim,19.99,False,mid-range
B0FK1CDVHB,water bottle,Owala FreeSip Sway Stainless Steel Water Bottle 30 oz Beach House,,27.97,False,premium
B0BZYBP74R,water bottle,Owala FreeSip Stainless Steel Water Bottle 32 oz Summer Sweetness,,25.49,True,premium
B0B9T4KCV7,water bottle,Nalgene 32 oz Wide Mouth Water Bottle,Nalgene,16.2,False,budget
B0GWGMHD1Y,water bottle,"THERMOS FUNTAINER Water Bottle with Spout, 16oz, Minions",THERMOS,25.99,False,mid-range
B0GT6RLPMF,water bottle,"Insulated Stainless Steel Water Bottle, Leakproof, 32oz, Patriotic",NORDIKRA,34.99,False,budget
B0GVVTMTT9,water bottle,"Ridge Water Bottle - 24oz, Double-Walled, 18/8 Stainless Steel (Dark Harbor)",,45.0,False,premium
B0GKTWCLYZ,water bottle,"32 oz Insulated Water Bottle with Straw, Leakproof Stainless Steel Bottle with Handle, Non-Slip Silicone Sleeve, Internal Markings, Dishwasher Safe for Travel, Gym, Sports,Black",wawahydro,14.99,False,budget
B0H431HLBT,water bottle,"Ello Pop & Fill 22oz Tritan Plastic Water Bottle with Quick Fill Technology | Clear Water Bottle for School, College, Travel | Leakproof Locking Lid, Straw and Chug, Reusable, BPA-Free | Pistachio",Ello,14.99,False,mid-range
B0BZZT7D5V,water bottle,"RAYMYLO Insulated Water Bottle 64 oz, Triple Wall Vacuum Stainless Steel",RAYMYLO,37.99,False,premium
B0CQVWW5QK,water bottle,"HydroJug Traveler 40oz, Insulated Tumbler with Handle & Straw, Cream",HydroJug,31.99,False,budget
B0D2W136D1,water bottle,"Fijinhom Insulated Water Bottle with Handle, 304 Stainless Steel Water Bottles with Wide Mouth, Double Wall Vacuum Sports Water Bottle, BPA Free, Keep Cold and Hot, 24 Ounces, Blue&Black",Fijinhom,12.74,False,budget
B07N2F3JXP,water bottle,IRON °FLASK 40 oz Wide Mouth Water Bottle with Straw,IRON °FLASK,19.99,False,budget
B0842RYHVB,water bottle,"YETI Rambler 36 oz Bottle, Vacuum Insulated, Leakproof, Stainless Steel with Chug Cap",YETI,50.0,False,premium
B0DR9PVSC9,water bottle,"STANLEY IceFlow 2.0 Flip Straw Tumbler, 30 oz, Dried Pine",,25.49,True,premium
B0GVG4BF6W,water bottle,Owala FreeSip Tritan Water Bottle 25 oz Rose Quartz,,21.99,False,premium
B0DGHQWVDQ,water bottle,"HydroJug Sport 32 oz Insulated Stainless Steel Water Bottle, Cream",HydroJug,27.99,False,budget
B0GH7M2MPW,water bottle,CIVAGO 32 oz Insulated Stainless Steel Water Bottle with Removable Straw,CIVAGO,14.99,False,budget
B0BT8K88SR,water bottle,"Under Armour Insulated Water Bottle with Handle & Fence Hook, Half Gallon Sports Water Jug, Leak-Resistant & BPA-Free for Baseball, Football & Gym - Black/Black, 64oz",,25.49,True,budget
B0DG36YPZM,water bottle,"Hydro Flask Water Bottle - Insulated Stainless Steel - Non Spill, Leakproof in 24 Oz Agave Green",,33.9,False,premium
B07YXM6XTF,water bottle,"Hydro Flask Water Bottle - Insulated Stainless Steel - Wide Mouth Flex Lid, Non Spill, Leakproof and Refillable in 32 Oz Black",,44.95,False,premium
B00LZSR3KQ,water bottle,Gatorade 32 Oz Squeeze Water Sports Bottle - Value Pack of 6 - New Easy Grip Design for 2014,Gatorade,35.94,False,budget
B0F5S3SQJK,water bottle,"ENCOOL Insulated Water Bottle with Straw Stainless Steel Water Bottle, Leak-Proof, BPA-Free, Double Wall Vacuum Keeps Cold for 24 Hours for Sports, Travel, School (26 oz, Cotton Candy)",ENCOOL,13.99,False,budget
B0CDL2V8KX,water bottle,"Navigate 32oz Insulated Water Bottle for Sports, Keep Cold 24H",Navigate,16.99,False,budget
B0H1YP71W7,water bottle,"STANLEY IceFlow Flip Straw 2.0 Bottle, 24 oz, Sorbet Garden",,25.0,False,premium
B0CP9YB3Q4,water bottle,STANLEY Quencher H2.0 Tumbler with Handle and Straw 30 oz | Flowstate 3-Position Lid | Cup Holder Compatible for Travel | Insulated Stainless Steel Cup | BPA-Free | Rose Quartz 2.0,,32.95,False,premium
B0GL17JVGJ,water bottle,"POWCAN 64 oz Insulated Water Bottle for Sports: 2-in-1 Straw & Spout Lid, Leakproof, Carrier Bag, Shoulder Strap, Keep Cold 48H, BPA-Free, Half Gallon Metal Water Jug for Gym, Travel, Gift (Midnight)",POWCAN,25.49,False,budget
B09LM1P132,water bottle,CIVAGO 40 oz Insulated Stainless Steel Water Bottle With Straw and 3 Lids,CIVAGO,18.99,False,budget
B0GTYJXMT7,water bottle,Owala Star Wars FreeSip Sway Stainless Steel Water Bottle 30oz Darth Vader,,39.99,False,premium
B0CS2WQML6,water bottle,"WATERSY 1 Gallon Water Bottle Insulated(Cold for 48 Hrs),BPA Free&Leak Proof,128oz Stainless Steel Water Jug with Handle for Gym,Hiking,Camping&Travel,Black Large Thermo",WATERSY,27.19,False,mid-range
B0FC2PYBBD,water bottle,"Fanhaw 32 oz Clear Plastic Water Bottle, BPA Free Leakproof Tritan Sports Water Bottle with Chug Lid, Wide Mouth Reusable Bottle for Gym, Travel, School & Office (Clear & Black)",Fanhaw,9.99,False,budget
B0BY2Q3Q4K,water bottle,Konokyo 24 oz Insulated Stainless Steel Water Bottle with Straw Lid,Konokyo,12.97,False,budget
B0DTP745KH,water bottle,"24 oz Insulated Water Bottle for Sports: Meoky Stainless Steel Water Bottle with 2-in-1 Straw and Spout Lid - Leak Proof, Cold for 24 Hours, Fits in Car Cup Holder, BPA-Free for Travel Gym, Night",Meoky,14.39,False,budget
B0F8HF7X28,water bottle,"1 Gallon Insulated Water Bottle for Sports: Meoky 128 oz Triple Wall Vacuum Stainless Steel Water Jug - Top and Side Handles, Cold for 48 Hrs, 2-in-1 Straw and Spout Lid, Leak Proof for Hiking (Night)",Meoky,39.99,False,premium
B0BBS8CTH2,water bottle,"CamelBak Chute Mag Vacuum Insulated Stainless Steel Water Bottle, Magnetic Leak‑Resistant Cap for Everyday Hydration",,22.99,False,mid-range
B0BHBP1X1B,water bottle,Simple Modern 40 oz Trek Tumbler with Handle and Straw Lid | Cup Holder Friendly Insulated Stainless Steel Travel Mug | Almond Birch,,25.49,True,premium
B0C1DZKS8J,water bottle,"HASLE OUTFITTERS 32 oz Insulated Water Bottle Stainless Steel Double Walled Vacuum Sports Water Bottle with 2 Lids (Straw and Spout Lid) for Gym Camping Hiking(Black,1)",HASLE OUTFITTERS,13.99,False,budget
B0DRWLLLM9,water bottle,"CamelBak Thrive Chug Stainless Steel Water Bottle 32oz, Stone",,27.92,False,mid-range
B0FPRHR6XZ,water bottle,"Ello Pop & Fill Insulated Stainless Steel Water Bottle with Quick Fill Lid, Leakproof Locking, Sip or Chug Spout, BPA-Free, Double Wall Vacuum Insulated for Sports, Travel & School- 22oz / 32oz / 40oz",Ello,25.99,False,mid-range
B0DJ74H464,water bottle,"1 Gallon Insulated Water Bottle for Travel: 2-in-1 Straw Spout Lid, Dual Handle, Leakproof, Keep Cold 48H, 128oz Stainless Steel Water Jug for Gym, Biking, Road Trip, Work, Home, Picnic (Midnight)",POWCAN,38.47,False,budget
B072HPWW1X,water bottle,"Pogo BPA-Free Plastic Water Bottle with Chug Lid, 32 Oz, Quetzal Teal",Pogo,10.99,False,budget
B0CDQ81X9T,water bottle,"QLUR Water Bottle with Straw, 32oz Motivational Water Bottles with Time Marker to Drink, Tritan BPA Free, 1L Sports Water Bottle with Carry Strap LeakProof for Women Gym Fitness Outdoor (1 Pack)",QLUR,8.99,False,budget
B0DSGGRQG3,water bottle,Simple Modern Insulated Water Bottle with Straw | 30oz | Black,,24.99,False,budget
B0842S56G8,water bottle,"YETI Rambler 26 oz Bottle, Vacuum Insulated, Stainless Steel with Chug Cap, Black",YETI,40.0,False,premium
B00LZSJ642,water bottle,Gatorade 32 Oz Squeeze Water Sports Bottle - Pack of 2 - New Easy Grip Design,Gatorade,17.99,False,budget
B07NHW8Z3N,t-shirt,Kingsted Mens T-Shirts - Super Soft & Comfy Cotton Blend Classic Fit Shirts,Kingsted,45.99,False,premium
B0H5QW4HQS,t-shirt,COOFANDY Mens Long Sleeve Tee Shirts Cotton Casual Basic T‑Shirts,COOFANDY,12.99,False,mid-range
B0H7J63KND,t-shirt,COOFANDY Mens Long Sleeve T Shirt Cotton Blend Casual Tee Shirts,COOFANDY,14.99,False,mid-range
B0BXFHW91M,t-shirt,"BAMBOO COOL Mens Undershirts Pack, Soft T Shirts for Men, Moisture Wicking",BAMBOO COOL,33.29,False,premium
B07XLTPC5L,t-shirt,"Gildan Men's Crew T-Shirts, Multipack, Style G1100",Gildan,16.99,True,premium
B07JCS8NRC,t-shirt,"Gildan Men's Crew T-Shirts, Multipack, Style G1100",Gildan,16.99,True,premium
B086KY66PJ,t-shirt,"Hanes Men's Undershirt Packs, Stay-Tucked Soft Cotton Undershirts, Best Undershirts for Men, White/Black/Asstd Multipacks",Hanes,16.99,True,mid-range
B0787P86ZZ,t-shirt,"Gildan Men's Crew T-Shirts, Multipack, Style G1100",Gildan,20.99,False,premium
B00HVW5HP8,t-shirt,"Hanes Men's Undershirt Packs, Stay-Tucked Soft Cotton Undershirts, Best Undershirts for Men, White/Black/Asstd Multipacks",Hanes,20.0,False,mid-range
B011QQE1HE,t-shirt,"Gildan Men's Crew T-Shirts, Multipack, Style G1100",Gildan,16.99,True,premium
B01ACCIEXA,t-shirt,"DRIFIRE FR Shirt, CAT 1 Breathable Short Sleeve Base Layer",DRIFIRE,76.0,False,premium
B09WVGDGYK,t-shirt,KLIEGOU Men's T-Shirts - Premium Cotton Crew Neck Tees S - 4XL,KLIEGOU,24.99,False,premium
B0H3KB5CDG,t-shirt,COOFANDY Men's T Shirts Long Sleeve Cotton Blend T-Shirts Crew Neck Soft Casual Basic Tee Shirts,COOFANDY,9.48,False,mid-range
B098Q74F7K,t-shirt,"KLIEGOU Men's 100% Cotton Longline T-Shirt, Pre-Shrunk Soft",KLIEGOU,17.99,False,mid-range
B0F3HVY1JY,t-shirt,Kinglaman 5 Pack Womens Oversized T Shirts Workout Short Sleeve Summer Tops,Kinglaman,36.99,False,premium
B093121LW9,t-shirt,"Gildan Men's Crew T-Shirts, Multipack, Style G1100",Gildan,16.99,True,premium
B0CWGJZ35S,t-shirt,Arssm Men Oversized T Shirts Vintage Tee Loose Fit Short Sleeve Casual Streetwear Baggy Washed Unisex Tops,Arssm,25.99,False,premium
B07611ZQF1,t-shirt,"Gildan Adult Ultra Cotton T-Shirt, Style G2000, Multipack",Gildan,16.99,True,mid-range
B07PD2V88P,t-shirt,DEVOPS 3 Pack Men's Cool Dry Compression Baselayer Short Sleeve Shirts Top,DEVOPS,29.99,False,premium
B0GL2Q9SXV,t-shirt,"Men's Crew Neck T-Shirt, Regular Fit, 200 GSM Cotton Blend",THUNI,19.99,False,mid-range
B0D28Q1NFB,t-shirt,VEIISAR Men's Heavy Weight 100% Cotton T-Shirt - Garment Washed - Soft,VEIISAR,24.29,False,premium
B0C1Z64LJR,t-shirt,Men's Cotton T-Shirts Oversized Unisex Short Sleeves Casual Loose Wash Solid Basic Tee Tops,KEEPSHOWING,23.06,False,premium
B0D2PKRQSN,t-shirt,Hanes Men's Pocket T-Shirts - 6-Pack - Cotton Crewneck Tees,Hanes,16.99,True,mid-range
B074XY7MTG,t-shirt,"Hanes Men's Performance Undershirt, X-Temp Moisture-Wicking Crewneck, White 5-Pack",Hanes,16.99,True,mid-range
B00LSRU2JS,t-shirt,"Hanes Men's Undershirts T-Shirt Pack, V-Neck Cotton Tees for Men, Moisture-Wicking, Odor Control, White Multi-Pack",Hanes,16.99,True,mid-range
B07611Y7N7,t-shirt,"Gildan Adult Ultra Cotton T-Shirt, Style G2000, Multipack",Gildan,14.49,False,mid-range
B00JUM8WDG,t-shirt,"Hanes Men's Beefy-T T-Shirt, Heavyweight Cotton T-Shirts for Men, 1 or 2 Pack, Men's Tees (Tall",Hanes,15.0,False,mid-range
B00KBZOR9O,t-shirt,Hanes Men's T-Shirt Pack - 4 or 6 Pack - Essential-T Crewneck Cotton T-Shirts - Everyday Men's Clothing - Big & Tall,Hanes,16.99,True,mid-range
B0GF15CCZ1,t-shirt,GAYHAY Oversized Tshirts for Women Crew Neck Fall Fashion Workout Tops,GAYHAY,6.99,False,budget
B00W80Z87K,t-shirt,Fruit of the Loom Men's Sleeveless Tag Free Moisture Wicking Tank A-Shirt,Fruit of the Loom,16.99,True,premium
B0BPYCHYP9,t-shirt,Trendy Queen Womens Oversized T-Shirts Short Sleeve Crew Neck Summer Tops,Trendy Queen,7.59,False,budget
B0DJNJBVWG,t-shirt,Oversized Tshirts for Men Short Sleeve Vintage Washed Basic Loose Tees,ADOREJOY,9.99,False,premium
B0D5CHZYP6,t-shirt,BAMBOO COOL Men's Undershirts Moisture Wicking Crewneck T Shirts 6 Pack,BAMBOO COOL,54.99,False,premium
B00JUM7DNG,t-shirt,"Hanes Men's Beefy-T T-Shirt, Heavyweight Cotton T-Shirts for Men, 1 or 2 Pack, Men's Tees (Tall",Hanes,13.17,False,mid-range
B00VTV7O2Q,t-shirt,"Fruit of The Loom Men's V-Neck Undershirts, Moisture Wicking & Tag Free, Also Available in Tall Sizes",Fruit of the Loom,29.67,False,premium
B07MN6G81X,t-shirt,"Comfort Colors Adult Heavyweight Short Sleeve Tee, Style G1717/G1745, Multipack",Comfort Colors,11.78,False,budget
B07JCJMPVM,t-shirt,"Gildan Men's V-Neck T-Shirts, Multipack, Style G1103",Gildan,19.99,False,premium
B0785VXRX2,t-shirt,Under Armour Men's Tech 2.0 Short-Sleeve T-Shirt,Under Armour,19.99,False,mid-range
B08F2NSN4G,t-shirt,"Fruit of The Loom Men's Crew Tee Undershirts, Moisture Wicking & Tag Free, Also Available in Big & Tall",Fruit of the Loom,16.99,True,premium
B0CLFFB8MH,t-shirt,The Children's Place Boys The Children's Place Boys Short Sleeve Graphic T- Shirt 3-Pack,The Children's Place,20.97,False,premium
B071DVQLT2,t-shirt,"Russell Athletic Mens Dri-Power Short Sleeve Tees, Moisture Wicking, Odor Protection, UPF 30+, Sizes S-4x",Russell Athletic,11.49,False,budget
B0G3WJZNZN,t-shirt,Zeagoo Womens Tops Summer Casual Cap Sleeve Tshirts Shirts Business Blouses,Zeagoo,6.43,False,budget
B002GHC19I,t-shirt,Carhartt Men's Iconic K87 Pocket T-Shirt,Carhartt,16.99,True,mid-range
B072V8Y2C8,t-shirt,"Amazon Essentials Men's Slim Fit Crewneck Undershirts, Pack of 6",Amazon Essentials,16.9,False,mid-range
B0DS279YBH,t-shirt,GAYHAY 3 Pack Womens T-Shirts Short Sleeve Summer Tops Soft Basic Tees 2026,GAYHAY,16.99,False,premium
B07M989JLF,t-shirt,"Comfort Colors Adult Heavyweight Short Sleeve Tee, Style G1717/G1745, Multipack",Comfort Colors,10.22,False,budget
B0BVFLK3YV,t-shirt,Trendy Queen Womens Short Sleeve T Shirt Buttery Soft Summer Tops Basic Tees,Trendy Queen,9.99,False,budget
B0DJNFSHMQ,t-shirt,Oversized Tshirts for Women Short Sleeve Vintage Washed Basic Cotton Tees,ADOREJOY,9.99,False,budget
B0CXJHCVHZ,t-shirt,"BJY Cotton Basic T Shirts for Women,Crew Neck Short Sleeve Summer Shirts(2XS-3XL)",BJY,9.99,False,premium
B0DSC5WL37,t-shirt,GAYHAY 3 Pack Basic Tees for Women Summer Short Sleeve Crop Top Trendy 2026,GAYHAY,14.99,False,budget
B01KNM3HG8,t-shirt,"Hanes Men's Beefy-T T-Shirt, Heavyweight Cotton T-Shirts for Men, 1 or 2 Pack, Men's Tees (Tall",Hanes,15.0,False,mid-range
B09T3R7H91,t-shirt,"Fruit of the Loom Men's Eversoft Cotton Short Sleeve T-Shirts, 2 Pack",Fruit of the Loom,16.99,False,premium
B07HRHBLJ4,t-shirt,Nautica Men's Classic Fit Pocket T-Shirt,Nautica,18.16,False,mid-range
B0799C1ZCG,t-shirt,"Fruit of The Loom Boys' Eversoft Cotton Undershirts, T Shirts & Tank Tops",Fruit of the Loom,16.99,True,premium
B08F2NB5PH,t-shirt,"Fruit of The Loom Mens Pocket Tee Undershirts, Moisture Wicking & Tag Free, Short Sleeve Pocket T-Shirts",Fruit of the Loom,16.99,True,premium
B0G4RRS5BP,t-shirt,COOFANDY Men's Polo Shirts Short Sleeve Cotton Pique Casual Button T Shirts Classic Fit Collared Golf Shirts,COOFANDY,22.99,False,premium
B0768349VX,t-shirt,"Gildan Unisex-Adult DryBlend T-Shirt, Style G8000, Multipack",Gildan,13.32,False,budget
B09B4ML4HZ,t-shirt,Mens T Shirts Soft Cotton Crew Neck Athletic Fit Casual Tees S-4XL,INTO THE AM,27.95,False,premium
B0767PWDQ4,t-shirt,"Gildan Unisex-Child Gildan Youth Heavy Cotton T-Shirt, Style G5000b, 2-Pack",Gildan,8.69,False,mid-range
B09Y638YHD,notebook journal,"20 Pack Journals for Writing College Ruled Notebooks Journal in Bulk, Hardcover Notebooks (200Pages) for Note Talking, Lined Bullet Journals for Home School Office, 5.7""x8.4"", Black",LYDTICK,69.99,False,premium
B0DCKP1VJF,notebook journal,"PAPERAGE Lined Spiral Journal Notebook, (Cherry Blossom/Fruit), 160 Pages, Hardcover Journal for Women & Men, Medium 5.5 in x 8 in - 100 GSM, Thick Paper, Spiral Notebook for Work, School & Journaling",PAPERAGE,8.99,False,budget
B0C572T6G5,notebook journal,"BOSSAND Lined Journal Notebooks, 6 Pack A5 Journals for Writing, 200 Pages 100 GSM Thick College Ruled Paper, Hardcover, 8.25 inches x 5.75 inches, Black",BOSSAND,29.99,False,premium
B09F5L2XWZ,notebook journal,"vfaejll Lined Notebook with Pen, 5.9""x8.4"" A5 Hardcover Leather Journal Set",vfaejll,13.67,False,mid-range
B0CT4HX4T9,notebook journal,"Taja Lined Spiral Notebook for Work, 5.7""x7.9"" Spiral Journal College Ruled",Taja,5.94,False,budget
B01DN8TCEU,notebook journal,"Amazon Basics Classic Lined Writing Notebook for Note Taking and Journaling, Hardcover with Elastic Closure, 240 Pages, 5"" x 8.25"", Black",Amazon Basics,12.99,True,budget
B07L4JCG7T,notebook journal,"PAPERAGE Lined Journal Notebook, Hardcover Journal for Women & Men, 160 Pages, (5.6 in x 8 in), College Ruled Journaling Notebook for Work, School Supplies & Note Taking, (Black)",PAPERAGE,9.99,False,budget
B0B4DKQSDV,notebook journal,"Biuwory Leather Journal Notebook,256 Thick Lined Pages,Hardcover 5.7""×8.3""",Biuwory,9.99,False,budget
B0GTDBXDZT,notebook journal,"Lined Journal Notebook, A5 Hardcover Leather Journals for Writing, 160 Numbered Pages, 5.7'' x 8.3'' Journaling Notebooks for Men Women, Thick Paper College Ruled Journal for Work Office School, Brown",KWULP,6.38,False,budget
B0CWS28VK1,notebook journal,"Five Star Spiral Notebook + Study App, 100 Sheets, 1 Subject, College Ruled Paper, Fights Ink Bleed, Water Resistant Cover, 820337-ECM, Purple, Pink, White & Green, 8-1/2"" x 11"", 4 Pack",Five Star,12.99,False,mid-range
B0G2XTRGNX,notebook journal,"CAGIE Lined Leather Journal for Women & Men, A5 Hardcover Notebook",CAGIE,12.99,False,mid-range
B0B7CX57F4,notebook journal,My Dog's Journal: notebook,by Heather P Smith (Author)  Format: Paperback,8.25,False,mid-range
B0BPGKBLHV,notebook journal,COMPOSITION NOTEBOOK: MUSIC THEMED JOURNAL,by YESHA YAHU (Author)  Format: Paperback,10.99,False,mid-range
B0HCMZP9H1,notebook journal,HOMEWORK NOTEBOOK: FUN DESIGN HOMEWORK JOURNAL,by CAMMY CHANEY (Author)  Format: Paperback,13.99,False,mid-range
B003O2RXUQ,notebook journal,"Five Star Spiral Notebook + Study App, 5 Subject, College Ruled Paper, 8-1/2"" x 11"", 200 Sheets, Fights Ink Bleed, Water Resistant Cover, Black (72081)",Five Star,6.97,False,budget
B0GPFKDGK8,notebook journal,"Mr. Pen- Lined Spiral Journal Notebook, A5 (5.7""x7.9""), 160 Pages, Black",Mr. Pen,4.55,False,budget
B0D1KDFG6J,notebook journal,"Lined Journal Notebook, A5 (5.7'' x 8.4""), 2 Pack Journaling Notebooks for Women Men Writing Work, Leather Hardcover, 160 Pages per Note Book, 100GSM Thick Paper, School Office Supplies, Black & Brown",FOCUS DAY,13.48,False,mid-range
B01BHL3DCC,notebook journal,"Five Star Spiral Notebook + Study App, 1 Subject, College Ruled Paper, 8.5"" x 11"", 100 Sheets, Assorted Colors, 6 Pack (38052)",Five Star,12.99,True,mid-range
B0F8Q8KLT5,notebook journal,"Leather Journal Notebook A5 Notepad Paper, 280 Pages Mens Journal College Ruled for Writing Work, 100GSM Hard Cover Notebooks Journaling for Women, 5.9"" x 8.5"" Lined with Index Stickers (Green Tree)",Gosirm,15.29,False,mid-range
B0BSKN36HJ,notebook journal,COMPOSITION NOTEBOOK SCIENCE EQUATION THEMED: COLLEGE RULED AND LINED 200 PAGE NOTEBOOK,by YESHA YAHU (Author)  Format: Paperback,10.99,False,mid-range
B09F5XQDYJ,notebook journal,"A5 Lined Notebook 5.9""x8.4"", Leather Journal with Pen & Gift Box, 200 Pages",vfaejll,19.99,False,premium
B0G4FH9ZZ7,notebook journal,Shadow Work Journal and Workbook – 7 in 1 Beginner’s Guide Based on Carl Jung: Therapist Approved Blueprint for Facing and Owning Your Shadow,by Olivia K. Renner (Author)  Format: Paperback,18.87,False,premium
8883707168,notebook journal,"""Moleskine Classic Notebook, Soft Cover, Large (5"""" x 825"""") Ruled/Lined, Black, 192 pages"" (S07162)",by Moleskine  Format: Diary,16.55,False,premium
B0CG28KM9Y,notebook journal,"PAPERAGE Lined Journal Notebook, Hardcover Journal for Women & Men, 160 Pages, (5.6 in x 8 in), College Ruled Journaling Notebook for Work, School Supplies & Note Taking, (Navy)",PAPERAGE,11.99,False,mid-range
B08FC2VFLF,notebook journal,"PAPERAGE Lined Journal Notebook, Hardcover Journal for Women & Men, 160 Pages, (5.6 in x 8 in), College Ruled Journaling Notebook for Work, School Supplies & Note Taking, (Blush)",PAPERAGE,9.99,False,budget
B0BTV6X42F,notebook journal,"RILIHO Leather Journal Notebook - Genuine Leather Journals for Writing 260 Pages 5x7.1 Inches Vintage Journal For Man and Women Gifts For Man Artist,Travel Journal,Brown",RILIHO,16.98,False,budget
B0G5PLHR14,notebook journal,"12 Pack Lined Journal Notebook for Work, 200 Pages, Medium 5.5 in x 8.3 in, A5 College Ruled, Hardcover Journaling Notebooks for Writing, Note Taking, Fit for Business Work School Home (Black)",BGUP,29.69,False,premium
B00P9U2EM8,notebook journal,"Mead Spiral Notebook, 1 Subject, College Ruled Paper, 7-1/2"" x 10-1/2"", 70 Sheets per Notebook, Colors Will Vary, 6 Pack (73065)",Mead,12.99,True,mid-range
B0C8JZ57R1,notebook journal,"Hardcover Lined Notebook Journal for Writing, 320 Pages Leather Thick College Ruled Notebook Journal with 100GSM Paper, A5 (5.7'' X 8.4'') Daily Journal for Women Men Work Organization, Black",FOCUS DAY,8.99,False,budget
B071NRXVBP,notebook journal,"Mead Composition Notebook, Wide Ruled Paper, 7.5"" x 9.75"", 100 Sheets, Black Marble, 3 Pack (38301)",Mead,16.6,False,budget
B00D3OR58A,notebook journal,"Oxford Spiral Notebook 6 Pack, 1 Subject, College Ruled Paper, 8 x 10-1/2 Inch, Color Assortment Design May Vary (65007)",Oxford,8.99,False,mid-range
B0DHRYBNDG,notebook journal,"LABUK 48 Pack Lined Kraft Notebooks, A5 Journals Bulk, 8.3x5.5 Notebook Bulk for Traveler Journal, Students Gift School Office Supplies (30 Sheets/60 Pages)",LABUK,26.99,False,premium
B0BXX1TJC8,notebook journal,"Lined Journal Notebook -365 Pages A5 Thick Journals for Writing Ruled Notebook, Hardcover Leather Journal for Women Men Daily Journal Notebook for Work, Note Taking, 100Gsm Lined Paper( 5.75'' X 8.38'' Green)",Ansopu,9.99,False,budget
B0BZ3F5DCM,notebook journal,CAGIE Journal Notebook for Women Men Leather Journaling Notebooks Diary A5,CAGIE,9.99,False,budget
B0CX1RDX77,notebook journal,"Lined Spiral Journal Notebook, A5 Hardcover Spiral Journals for Women Men, 150 Numbered Pages Spiral Bound Notebook, 100 GSM College Ruled Notebooks for Work, Note Taking 5.75"" x 8.38"", Olive Green",PAPEJOON,6.35,False,budget
B0F9NXFRR6,notebook journal,"Taja Pretty Lined Journal for Women, Aesthetic Hardcover Leather Journal",Taja,6.99,False,budget
B07DPLQMF9,notebook journal,"Five Star Spiral Notebook + Study App, 3 Subject, College Ruled Paper, 8.5"" x 11"", 150 Sheets, Blue (Color May Vary) (820003NH0)",Five Star,7.49,False,budget
B07ZN5PKP7,notebook journal,WORLD TRAVELER Large Lined Journal Notebook 256 Ruled White & Ivory Pages,WORLD TRAVELER,16.49,False,premium
B07ZHNKGVC,notebook journal,"Mead Primary Journal Creative Story Tablet Composition Notebook, 7.5"" x 9.75"", Grades K-2, 100 Sheets, Color Selected For You (10297)",Mead,5.47,False,budget
B071VJPRD4,notebook journal,"Mead Composition Notebook, 3 Pack, College Ruled Paper, 7-1/2"" x 9-3/4"", 100 Sheets per Comp Book, Black Marble (38111)",Mead,7.84,False,budget
B0C1Z48WKW,notebook journal,"feela 8 Pack Soft Cover Journal Bulk, Notebooks College Ruled for Work, Lined Travel Journal for Students Women, Note Taking Notebook School Supplies Business Writing, 8.2” x 5.5”, A5, Pastel Colors",feela,18.99,False,premium
B0C23S36QF,notebook journal,"Fetinar A5 Faux Leather Journal Notebook, 300 Lined Pages, Softcover, Black",Fetinar,5.99,False,premium
B0CD9NXQXR,notebook journal,Dynta Hardcover Journal Notebooks A5 Lined 10 Journals Bulk for Writing,Dynta,36.99,False,premium
B0F44147Z9,notebook journal,"Taja Lined Spiral Journal for Women, A5 Cute Hardcover Notebook for Work",Taja,6.99,False,budget
B0D44Y2NSF,notebook journal,"Hardcover Spiral Notebook journal with Removable Dividers Tabs, 300 Pages Leather 5 Subject Notebook College Ruled, 8""x10"" Large B5 Notebooks for Work School Note taking, Lined Journal for Women,Pink",dilitego,18.99,False,premium
B0BVG2WPX6,notebook journal,"SUIN A5 Hardcover Lined Journal Notebook, 200 Pages, Black, 1 Pack",SUIN,7.99,False,budget
B0G655BV6K,notebook journal,"YesBes 32 Pack A5 Kraft Notebooks Bulk, 8.3'' x 5.5'' Lined Journal Notebook with Color Strip, Composition Notebooks Journaling Notebooks for School Office Students Artists, 8 Colors 60 Pages",YesBes,20.99,False,premium
B0D842FXFX,notebook journal,"Oucaru 8 Pack A5 Journal Notebooks for Work, Lined 180 Pages 100 GSM Paper",Oucaru,29.99,False,premium
B0731NLT2S,notebook journal,Enday Marble Composition Notebook Wide Ruled (2 Pack) 100 Sheets,Enday,9.99,False,budget
B08KCVRL2V,notebook journal,"Rosmonde 5 Pack Wide Ruled Composition Notebook, Black Marble Notebooks",Rosmonde,14.99,False,mid-range
B0F9WDY38C,notebook journal,VANRTTO B5 Hardcover Spiral Notebook College Ruled Notebooks for Work Blue,VANRTTO,16.78,False,premium
B0CN3T7NZ5,notebook journal,"Mead Composition Notebook, College Ruled 7.5"" x 9.75"" Paper, 100 Sheets, Assorted Colors, 6 Pack (850106-ECM)",Mead,12.99,False,mid-range
B0CT4H26HR,notebook journal,"Taja Lined Spiral Notebook for Work, 5.7""x7.9"" Spiral Journal College Ruled",Taja,7.49,False,budget
B097GVX9W9,notebook journal,"24 Pack Journal Notebook for Work, Feela Business Notebook Bulk Hardcover Lined Writing Journal with Pen Holder for Men Women Note Taking, with 24 Black Pens, 120 GSM, 5.1”x8.3”, A5, Black",feela,84.99,False,premium
B0GVSM61BG,notebook journal,"8 Pack Lined Journal Notebook for Work, A5 Hardcover (5.5"" x 8.3""), 8 Colors 136 Pages Medium College Ruled Notebook Bulk, for Writing, Note Taking, Business Work School Home",BGUP,19.79,False,premium
B083QFCTTT,notebook journal,LeStallion Nice Black Notebook Ruled - Soft Cover Faux Leather Journal - 120GSM Premium Writing Paper - 200 Numbered Pages - A5 High End Black Journal Lined - Black Leather Journal For Men & Women,LeStallion,25.9,False,premium
B00X7X2KIC,notebook journal,"Five Star Advance Spiral Notebook + Study App, 5 Subject, College Ruled Paper, 8-1/2"" x 11"", 200 Sheets, Spiral Guard, Movable Tabbed Dividers, Black (73144)",Five Star,16.39,False,mid-range
B08YNMTT2D,notebook journal,"RETTACY Lined Journal Notebook, 192 Numbered Pages, A5 Size (5.7'' x 8.3'')",RETTACY,9.99,False,budget
B07FBC8P59,notebook journal,"Five Star Spiral Notebook + Study App, 1 Subject, Graph Ruled Paper, 8-1/2"" x 11"", 100 Sheets, Fights Ink Bleed, Water Resistant Cover, Black (73679)",Five Star,6.0,False,budget
B0GXF38QL6,notebook journal,Hardcover Spiral Notebook Journal with Removable Dividers Tabs,FlyMeaning,14.99,False,mid-range
B06XW1JQ1L,sneakers,Reebok Club C 85 Tennis Shoes for Women - Casual Womens Sneakers,Reebok,77.48,False,premium
B093WB7PZV,sneakers,"Reebok Club C 85 Vintage Tennis Sneakers for Women, Casual White Womens Shoes, Size 5 to 11",Reebok,68.9,False,premium
B0D5MTX69F,sneakers,Project Cloud Womens Sneakers - Comfortable Fashion Sneakers for Women,Project Cloud,39.9,False,budget
B0FF7Q8DX8,sneakers,Genuine Leather Slip On Sneakers for Women with Leather Memory Foam Insole,Project Cloud,47.9,False,budget
B07B422G13,sneakers,New Balance Women's 608 V5 Casual Comfort Cross Trainer,New Balance,59.95,False,mid-range
B093QHHV2C,sneakers,New Balance Women's 574 Core Sneaker,New Balance,85.95,False,premium
B0F991PB6N,sneakers,BAASPLOA Women's Chunky Fashion Sneakers Gym Workout Tennis Shoes,BAASPLOA,43.99,False,budget
B014GNJS22,sneakers,Skechers Sport Women's D'Lites Fresh Start Memory Foam Lace-up Sneaker Fashion,Skechers,48.99,False,mid-range
B0F2G217VL,sneakers,Running Shoes for Men Womens Tennis Gym Walking Slip On Sports Sneakers,RJYWGS,20.49,False,budget
B0DMVK2DFN,sneakers,Mens Running Shoes Slip On Tennis Walking Sneakers Gym Athletic,YRLTYO,19.99,False,budget
B0DL32P26S,sneakers,AVW Womens Non Slip Work Shoes Walking Sneakers Food Service Kitchen Shoes,AVW,49.39,False,mid-range
B0CHJ1TN7H,sneakers,FitVille Women's Slip On Sneakers Wide Shoes Hands Free Running Shoes Slip-On Walking Shoes for Flat Feet Plantar Fasciitis Heel Pain Relief - Cloud Walker V7,FitVille,59.89,False,mid-range
B0B2ZLGLF3,sneakers,Feethit Womens Slip on Running Walking Sneakers Athletic Gym Tennis Shoes,Feethit,36.99,False,budget
B0BZHR5KC9,sneakers,BAXINIER Girls White Cheerleading Shoes,BAXINIER,29.99,False,budget
B0B89H61L5,sneakers,New Balance Women's 327,New Balance,104.95,False,premium
B0D5FYJBT9,sneakers,Hoka Womens Bondi 9,,168.6,False,premium
B0BX3X6VDQ,sneakers,Skechers Men's Summits High Range Slip-in,Skechers,63.75,False,mid-range
B0BZXTB2RJ,sneakers,Under Armour Men's Charged Surge 4 Sneaker,Under Armour,49.95,False,mid-range
B0H5HJRS1M,sneakers,"Women's Retro Fashion Sneakers, Suede Casual Shoes with Gum Sole",EWTEVOY,34.99,False,budget
B0H5Q9PBZ9,sneakers,DOBOLIN Women's Fashion Sneakers Retro Gum Sole Casual Shoes,DOBOLIN,35.99,False,budget
B0CDGLMN8S,sneakers,"Original S.W.A.T. Alpha Freedom 6"" Hands Free PT",Original S.W.A.T.,164.99,False,premium
B0C3C1HYY7,sneakers,"Cedar Space Wooden Shoe Stretcher Tree, 6.5-14 Sizes Cedar Wood Shoe Trees",Cedar Space,42.99,False,budget
B0D31VM76T,sneakers,On Womens Cloud 6,,160.0,False,premium
B0CL7RDRRT,sneakers,PUMA Men's Voltaic Evo Cross Trainer Shoes,PUMA,59.51,False,mid-range
B09XRGG5NV,sneakers,New Balance Women's Fresh Foam Roav Running Shoe,New Balance,80.0,False,mid-range
B077ZF7B7R,sneakers,"Reebok Royal BB4500 Hi2 High Top Shoes for Men, Athletic Men’s Sneakers",Reebok,49.94,False,mid-range
B09XBTK1M3,sneakers,Under Armour Men's Charged Assert 10 Shoes,Under Armour,63.69,False,mid-range
B00DJSRMBK,sneakers,Skechers Men's After Burn M. Fit Sneaker,Skechers,64.99,False,premium
B07BKLXNC7,sneakers,Skechers Women's Summits Quick Getaway,Skechers,32.59,False,mid-range
B00FLCQ7EU,sneakers,Skechers Men's Vigor 2.0 Trait Memory Foam Sneaker,Skechers,55.99,False,mid-range
B077ZNKJ3Z,sneakers,"Reebok Royal BB4500 Hi2 High Top Shoes for Men, Athletic Men’s Sneakers",Reebok,69.99,False,mid-range
B0B9BN89HB,sneakers,Skechers Men's Summits High Range Slip-in,Skechers,55.0,False,mid-range
B0GY1H4MBY,sneakers,"Project Cloud Mary Jane Shoes, Comfortable Fashion Sneakers for Women",Project Cloud,35.91,False,budget
B0G4XB3L4M,sneakers,"Reebok Womens Club C Double Revenge Platform Tennis Shoes for Women, Fashion Womens Sneakers",Reebok,62.99,False,budget
B073K417VQ,sneakers,Cole Haan Grand Crosscourt II Sneaker,,75.97,False,premium
B0GS5ZQYJF,sneakers,"Wrezatro Men's Air Cushion Walking Shoes, Breathable Mesh Non Slip Comfort Sneakers for Work Casual Running Gym",Wrezatro,19.99,False,budget
B0DFS1CX46,sneakers,Skechers Women's Arcade Meet Ya There Sneaker,Skechers,67.5,False,premium
B0778XY3DT,sneakers,Skechers Women's Summits Sneaker,Skechers,41.87,False,budget
B000I9VON0,sneakers,,,58.87,True,premium
B000X1OOBW,sneakers,Reebok Women's Freestyle Hi High Top Basketball Sneakers,Reebok,79.99,False,premium
B08QBJTHM6,sneakers,Nike Men's Air Force 1 '07 Sneaker,Nike,58.87,True,premium
B0C2JZMCPC,sneakers,adidas Women's VL Court 3.0,,58.87,True,premium
B07B3VQ8DY,sneakers,New Balance Men's 608 V5,New Balance,59.99,False,premium
B09YBLCL41,sneakers,New Balance Women's 515 V3 Sneaker,New Balance,58.87,True,premium
B09H3NJX44,sneakers,New Balance Women's Fresh Foam Arishi V4,New Balance,58.87,True,premium
B0CGT6ZRGJ,sneakers,Skechers Women's Arch Fit Arcade Arcata,Skechers,63.75,False,mid-range
B0CNCY18SW,sneakers,"ZGR Womens White Tennis Shoes for Women,Low Tops Lace up Canvas Sneakers",ZGR,15.25,False,budget
B0DM373GVL,sneakers,Brooks Women’s Revel 8 Running Shoe,Brooks,58.87,True,mid-range
B003UHUO7O,sneakers,New Balance Men's 577 V1 Hook and Loop,New Balance,58.87,True,premium
B0CTJ4P8CH,sneakers,Sam Edelman Women's Talia Sneakers,Sam Edelman,58.25,False,premium
B0F4WY29V3,sneakers,adidas Mens Response Pace Sneakers Shoes - Blue,,67.97,False,premium
B0CMQLKP9J,sneakers,New Balance Men's 480 V1 Sneakers,New Balance,84.19,False,premium
B0CB22K9LZ,sneakers,Skechers Men's Summits AT Slip-in Sneaker,Skechers,72.0,False,premium
B0F3VWFB3K,sneakers,HARENCE Womens Sneakers Tennis Shoes: Comfortable Breathable Non Slip Casual Athletic Walking Shoes for Gym Workout,HARENCE,32.99,False,budget
B0CH455W8X,sneakers,Skechers Men's Go Run Consistent 2.0 Sneaker,Skechers,41.97,False,premium
B0DHLN4322,sneakers,Skechers Women's Max Cushioning Endeavour,Skechers,57.0,False,mid-range
B0G5BS3RLS,sneakers,"Reebok Swiftstrike Running Mens Shoes, Athletic Workout Gym Sneakers Men",Reebok,49.94,False,mid-range
B093QLCCWR,sneakers,New Balance 574 Unisex Shoes,New Balance,58.87,True,premium
B000PRIPE6,sneakers,Skechers Men's Energy After Burn Sneaker,Skechers,62.99,False,premium
B0CZ87MBS6,sneakers,Skechers Women's Go Walk Flex Grand Entry,Skechers,59.49,False,mid-range
B0F66HVPDY,candle,"Fall Candles Set, 4 Pack Candles for Home Scented Natural Soy Wax, Autumn Gifts Set for Women Men, Fall Fragrance of Pumpkin/Cinnamon/Vanilla Cupcake/Apple",FF FRAGRFLOWING,22.49,False,mid-range
B01N0RSC4K,candle,Chesapeake Bay Candle Scented Candle Peace + Tranquility (Cashmere Jasmine) Medium Jar Home Décor,Chesapeake Bay Candle,14.0,False,budget
B08XZ3HWF3,candle,6 Pack Candles for Home Scented Aromatherapy Candle Gift Set for Women Soy Wax Long Lasting Amber Jar Candles Gift for Birthday Mother's Thanksgiving Day Present,MOULENGGU,19.18,False,budget
B0CW5ZVKSX,candle,AOOVOO Scented Candles for Men - 4 Pack Candles for Home Scented,AOOVOO,25.99,False,mid-range
B01M7TTA2S,candle,"Bath & Body Works 3-Wick Candle, Mahogany Teakwood Intense, Soy Wax Blend",Bath & Body Works,25.99,False,mid-range
B0F3DRTCB2,candle,"Yankee Candle Spiced Pumpkin, Fall Scented Candle, 22oz Large Jar with up to 150 Hour Burn Time, Giftable",,22.89,True,budget
B0H7FJH1PK,candle,"Viyffo 20oz Large Scented Candle – Eucalyptus & Rosemary, 3 Wick Non Toxic Soy Candles for Women & Men, Matte Black Ceramic Jar, Luxury Home Fragrance, Elegant Room Decor & Premium Birthday Gift",Viyffo,33.99,False,budget
B0D8VR4BTZ,candle,"Molensun Lemon Eucalyptus Scented Candle, Soy Wax 7 oz",Molensun,9.99,False,budget
B0F3F2XPW1,candle,"Yankee Candle Clean Cotton Scented Candle, 22oz Large Jar with up to 150 Hour Burn Time, Giftable, Birthdays",Yankee Candle,22.89,True,budget
B07RZVN1G6,candle,"Stonebriar 300 Pack Unscented Tea Light Candles with 6-7 Hour Extended Burn Time, White, 300 Count",Stonebriar,40.53,False,premium
B0BVCXZL45,candle,Capri Blue Volcano Scented Mini Tin Jar Candle - Printed Mini Tin Candles for Home Scented with Tropical Fruit & Sugared Citrus - Long Lasting Soy Wax Blend - Lavender Colored (3 oz),,12.0,False,budget
B0CHYWN5W6,candle,"Scented Candles Gift Set for Women, 6-Pack Aromatherapy Candles for Home",PELN,26.72,False,mid-range
B0BYYHSMHS,candle,"flamecan Ivory Taper Candles, Set of 20 Unscented and Smokeless 10 Inch Taper Candles Long Burning, Paraffin Wax with Cotton Wicks for Burning Approxinately 7-8 Hours Time",flamecan,10.78,False,premium
B0F3DR5P2W,candle,"Yankee Candle Dried Lavender & Oak, Scented Candle, 22oz Large Jar with up to 150 Hour Burn Time, Giftable, Birthdays",Yankee Candle,16.99,False,budget
B09D9XLZ3Q,candle,"Bath & Body Works Single Wick Candle, Mahogany Coconut, 8 oz",Bath & Body Works,23.95,False,mid-range
B0F3DPXQP1,candle,"Yankee Candle Balsam & Cedar, Holiday Scented Candle, 22oz Large Jar with up to 150 Hour Burn Time, Giftable",Yankee Candle,19.97,False,budget
B001L2MD2E,candle,Yankee Candle Sparkling Cinnamon Scented Classic 22oz Large Jar Single Wick Candle Over 110 Hours of Burn Time,Yankee Candle,16.99,False,budget
B0DYMW78WD,candle,"Craftique Gifts for Women, Birthday Gifts for Women- You're Amazing Candle",Craftique,13.97,False,mid-range
B0DP74YCXR,candle,"AOOVOO Scented Candles - 4PC Candle Set, 36 oz Soy Candles",AOOVOO,25.99,False,premium
B098F5CC4N,candle,"Bath & Body Works 3-Wick Candle, Champagne Toast, Soy Wax Blend",Bath & Body Works,21.44,False,mid-range
B002YX0GAA,candle,"Village Candle Spiced Pumpkin Large Apothecary Jar, Scented Candle, 21.25 oz.",Village Candle,18.89,False,budget
B0H13SBHS1,candle,"AOOVOO Fall Candles Set for Women - Aromatherapy Candle with Crystals Inside, 28 oz 200 Hour Long Lasting, 4 Pack Candles for Home Scented, Autumn Fragrance of Apple Pie/Cinnamon/Pumpkin/Nutmeg Beans",AOOVOO,21.98,False,mid-range
B07982DFFD,candle,Maison Louis Marie - No.04 Bois de Balincourt Soy Wax Candle | Luxury Fragrance​s​ for a Modern World (8.5 oz | 240 g),,40.0,False,premium
B0CTJGJL2T,candle,"GODONLIF Candle Warmer Lamp with Timer, Birthday Gifts for Women Home Decor",GODONLIF,19.99,False,mid-range
B075DVZBGV,candle,"Capri Blue Volcano Scented and Luxury Glass Jar Candles for Home Scented with Tropical Fruit & Sugared Citrus - Soy Wax Blend, White Color (8 Oz)",,25.0,False,mid-range
B000FDZJBM,candle,"WoodWick Vanilla Bean Holiday Candle Gifts for Women and Men, 9.7 oz Medium Hourglass Candle with Crackling Wick",WoodWick(ウッドウィック),17.99,False,budget
B08YFF5MXX,candle,"WoodWick Shoreline Trilogy Gifts for Women and Men, 9.7 oz Medium Hourglass Trilogy Candle with Crackling Wick",WoodWick(ウッドウィック),12.0,False,budget
B099XVDV91,candle,"Lulu Candles Jasmine, Oud & Sandalwood Scented Soy Blend Jar Candle 9 Oz 2 Pack",Lulu Candles,36.95,False,premium
B0F3DSJZ5H,candle,"Yankee Candle Coconut Beach, Scented Candle, 22oz Large Jar with up to 150 Hour Burn Time, Giftable, Birthdays",Yankee Candle,22.89,True,budget
B0016R858U,candle,"Tyler Diva Scented Candle, 22 oz",TYLER CANDLE COMPANY,22.89,False,mid-range
B0D83HBHBM,candle,"AOOVOO Lavender Scented Candles for Women - Aromatherapy Candle with Crystals Inside, 7oz Soy Candles for Home Scented, Birthday Gifts Mothers Day Candle for Women Mom",AOOVOO,12.98,False,mid-range
B0GWDV1FL5,candle,"Candle Warmer Lamp with Timer,Birthday Gifts for Women Mom Home Decor",Hong-in,21.99,False,mid-range
B003U31MXS,candle,"NEST New York Scented 3-Wick Candle, Bamboo - 21.2 oz - Up to 100-Hour Burn Time - Reusable Glass Vessel",,89.0,False,premium
B0CR7L79Q2,candle,"Scented Candles for Home,8 Pack Soy Wax Candle Set,Scented Candles Gift Set",Feibao,25.99,False,mid-range
B00429KMH6,candle,Diptyque Baies Candle-6.5 oz.,,83.72,False,premium
B002YX0GEQ,candle,"Village Candle Balsam Fir Large Apothecary Jar, Scented Candle, 21.25 oz., Green",Village Candle,21.95,False,budget
B003ZVXDCS,candle,"NEST New York Scented Classic Candle, Pumpkin Chai - 8.1 oz - Up to 60-Hour Burn Time - Reusable Glass Vessel",,50.0,False,premium
B0GR8NM59C,candle,"AOOVOO Fall Scented Candles - 6 PC Soy Candle, 42 oz",AOOVOO,26.99,False,premium
B079CPJHJV,candle,"MALIN+GOETZ 9oz Scented Candle | Hand-Poured Soy Wax with Unique Fragrance Blends | Clean-Burning, Vegan & Cruelty-Free | Bergamot, Sage, Otto, Tomato, Strawberry, Cannabis, Dark Rum & Leather",,68.0,False,premium
B0DLN1G7G6,candle,"Teakwood & Mahogany Candle | Masculine Candles for Men, Gifts for Men - Soy Candle for Home Scented - Scented Candles for Home, Aromatherapy Gifts Long Lasting Burn Time - 7oz Black Jar",Auelife,9.99,False,mid-range
B0038WVR6I,candle,"Village Candle Warm Apple Pie Large Glass Apothecary Jar Scented Candle, 21.25 oz, Brown",Village Candle,22.89,True,budget
B09G3FZG1H,candle,"Bath & Body Works 3-Wick Candle, Lakeside Morning, Soy Wax Blend",Bath & Body Works,20.99,False,mid-range
B0D9849WQD,candle,"M&SENSE Jasmine Candles Highly Scented 3 Wick 35oz 150 Hours Burn Extra Large Jar Candles for Women, Natural Soy Wax Aromatherapy Candle for Stress Relief, Meditation, Yoga, Spa",M&SENSE,36.99,False,mid-range
B06XXR7DCB,candle,"Aquiesse Luxe Linen Large Scented Candle, 10oz",Aquiesse,48.0,False,budget
B0B74P7X31,candle,"LA JOLIE MUSE Island Coconut Vanilla Scented Candles for Home,19 oz Soy Wax",LA JOLIE MUSE,33.99,False,premium
B00UC8FMYO,candle,"NEST New York Scented Classic Candle, Ocean Mist & Sea Salt - 8.1 oz - Up to 60-Hour Burn Time - Reusable Glass Vessel",,34.98,False,premium
B075F394ZS,candle,"LA JOLIE MUSE Santal Himalayen Scented Candles for Home, 19 oz Natural Soy",LA JOLIE MUSE,36.0,False,premium
B0BKSKCYX7,sunglasses,"FEIDUSUN Sunglasses Men Polarized Sunglasses for Mens and Womens,Black Retro Sun Glasses Driving Fishing UV Protection",FEIDUSUN,9.99,False,budget
B0F8HWPP54,sunglasses,ViewJoy Retro Oval Sunglasses for Women Vintage 90s Y2K Trendy Sun Glasses,ViewJoy,15.29,False,budget
B0BWTW5DX2,sunglasses,"KALIYADI Polarized Sunglasses for Men, Lightweight Sun Glasses with UV Protection for Driving Fishing Golf",KALIYADI,16.99,False,mid-range
B07MW4R1X3,sunglasses,KALIYADI Polarized Sunglasses for Men and Women Semi-Rimless Frame Driving Sun glasses UV Blocking,KALIYADI,17.99,False,mid-range
B0BKGPYDSZ,sunglasses,JASPIN Rectangle Sunglasses for Women Men Y2k Sun Glasses UV Protection,JASPIN,6.98,False,budget
B0C1NDGV2S,sunglasses,EYLRIM Square Frame Sunglasses for Women Men Trendy Chunky Rectangle Sun Glasses Black Shades UV400 Protection,EYLRIM,13.49,False,budget
B0GWVQCSZ9,sunglasses,PASTL Soleil Oversized Sunglasses Women's Butterfly Frame Polarized UV400 Lens,PASTL,16.99,True,budget
B07XCQ3Z8H,sunglasses,KALIYADI Classic Aviator Sunglasses for Men Women Driving Sun glasses Polarized Lens UV Blocking,KALIYADI,15.98,False,mid-range
B0DHWXM4J5,sunglasses,KUGUAOK Retro Oval Sunglasses for Women 90s Design Small Cat Eye Sun Glasses UV Protection Y2k Trendy Narrow Shades,KUGUAOK,7.97,False,budget
B0DYV736NT,sunglasses,Lamicall 24g Polarized Sports Sunglasses for Men Women - UV400 Protection Sun Glasses for Baseball Running Cycling Fishing,Lamicall,19.99,False,mid-range
B0H697L1GC,sunglasses,KALIYADI Sunglasses-Womens Polarized Womens Sunglasses: Retro Trendy Openwork Design Sun Glasses for Driving UV400 Protection,KALIYADI,14.99,False,budget
B0F21DH46Q,sunglasses,"Retro Aviator Sunglasses for Women Men,Trendy Polarized Sun Glasses",konqkin,11.99,False,budget
B089DJK1KF,sunglasses,BUTABY Rectangle Sunglasses for Women Retro Driving Glasses 90’s Vintage Fashion Narrow Square Frame UV400 Protection,BUTABY,15.99,False,mid-range
B0F1TBXD8B,sunglasses,Breaksun Retro Oval Sunglasses for Women Men Fashion Small Oval Sunglasses 90s Vintage Shades,Breaksun,11.69,False,budget
B07MRD7118,sunglasses,KALIYADI Polarized Sunglasses for Men and Women Matte Finish Sun glasses Color Mirror Lens UV Blocking (3 Pack),KALIYADI,16.99,False,mid-range
B0DFYHDMT2,sunglasses,GUVIVI Retro Oval Sunglasses for Women 90s Cat Eye Shades UV protection,GUVIVI,14.99,False,budget
B0C4Y32M4S,sunglasses,"KALIYADI Polarized Sunglasses for Men and Women, Mens Sun Glasses with UV Protection for Driving Fishing Golf (3 Packs)",KALIYADI,15.99,False,mid-range
B000GLN15O,sunglasses,Ray-Ban RB3025 Classic Aviator Sunglasses for Men for Women,,191.0,False,premium
B0GVN98BP7,sunglasses,Sunglasses-Womens Polarized Sunglasses for Women-with UV Protection,Foliful,11.99,False,budget
B0C7KYKTL5,sunglasses,Square Polarized Sunglasses for Men and Women Lightweight Frame Sun Glasses with UV Protection,TURBOPEP,11.99,False,budget
B0D2X2KP7Q,sunglasses,KALIYADI Womens-Sunglasses Polarized Sunglasses-Womens Trendy: Retro Sun Glasses with UV Protection for Travel Driving,KALIYADI,13.98,False,budget
B0F28L2J8G,sunglasses,"Polarized Sports Sunglasses for Men Women, UV400 Protection Mens Sunglasses Wrap Around Sun Glasses for Cycling Running",QALLY,17.08,False,budget
B0F5GQQKG7,sunglasses,Sunglasses-women Polarized Sunglasses-womens: Trendy Sun Glasses polarized UV400 Protection Fashion Sun glasses,OUKEMAX,14.99,False,budget
B09TQLWNL1,sunglasses,JULI Sports Sunglasses for Men Women Tr90 Rimless Frame for Running Fishing Golf Surf Driving MJ8009,JULI Eyewear,21.84,False,premium
B08FRT557T,sunglasses,"WearMe Pro Drew Women's Polarized Sunglasses, Retro Round Frame, UV400",WearMe Pro,39.0,False,premium
B07J2NRG93,sunglasses,KALIYADI Sunglasses Men Polarized Sunglasses for Men Women Unisex Semi-Rimless Frame Retro Driving Sun Glasses UV Blocking,KALIYADI,15.99,False,mid-range
B009OGG8FW,sunglasses,Ray-Ban RB3016 Clubmaster Classic Square Sunglasses for Men for Women,,244.0,False,premium
B0FWJFFRJH,sunglasses,Polarized Round Sunglasses for Women Men with UV Protection,Vcarsian,13.99,False,budget
B09RZM9HDS,sunglasses,"SOJOS Retro Aviator Sunglasses Womens Mens,Trendy Rectangle Shades SJ2202",SOJOS,21.81,False,premium
B0FG7W8LP3,sunglasses,Lamicall 24g Polarized Sports Sunglasses for Men Women - UV400 Protection Sun Glasses for Baseball Running Cycling Fishing,Lamicall,23.98,False,mid-range
B0995MYSRN,sunglasses,KALIYADI Sunglasses Men Polarized Sun glasses for Mens Womens Classic Matte Black Frame UV Protection 3pack,KALIYADI,14.99,False,budget
B08937RF9V,sunglasses,Oakley Sunglasses for Men - OO4142 Ejector Rectangular Sunglasses PRIZM Lenses,,286.0,False,premium
B077Z6Y9QF,sunglasses,Oakley Mens OO9417 Holbrook XL Square Sunglasses,,237.0,False,premium
B0D97BWLZ4,sunglasses,Polarized Sports Wrap Around Sunglasses Men Fishing Running Golf,Foliful,16.89,False,mid-range
B09F5JHKTL,sunglasses,"WearMe Pro Emerson Men's Polarized Aviator Sunglasses, Square Frame, UV400",WearMe Pro,49.0,False,premium
B07YSQMBZN,sunglasses,FAGUMA Polarized Sports Sunglasses For Men UV400 Protection,FAGUMA,12.97,False,budget
B0F9L7N1FY,sunglasses,Sunglasses-Men Polarized Mens Sunglasses: Classic Women Sun Glasses UV400 Protection for Fishing,CIFOYA,18.99,False,budget
B07PF6ZVMZ,sunglasses,KALIYADI Polarized Sunglasses for Men and Women Semi-Rimless Frame Driving Sun glasses UV Blocking,KALIYADI,19.99,False,mid-range
B01BU1S5HC,sunglasses,Oakley Unstoppable OO9191 Rectangle Sunglasses for Women,,239.0,False,premium
B0769KCQCB,sunglasses,Polaroid mens Pld 2059/S Square Sunglasses,Polaroid,101.43,False,premium
B07MP3JFVW,sunglasses,KALIYADI Polarized Sunglasses for Men and Women Matte Finish Sun glasses Color Mirror Lens UV Blocking (3 Pack),KALIYADI,19.99,False,mid-range
B002ZLYRNI,sunglasses,Ray-Ban RB3025 Classic Polarized Aviator Sunglasses,,244.0,False,premium
B002FU6T8A,sunglasses,Maui Jim Men's and Women's Stingray Polarized Wrap Sunglasses,,289.0,False,premium
B01LZSLIE2,sunglasses,Ray-Ban RB4264 Chromance Square Sunglasses,,272.0,False,premium
B0B3XKHTR1,sunglasses,FEISEDY Retro Square Aviator Sunglasses Women Men 70s Vintage Trendy Plastic Frame Sun Glasses B2835,FEISEDY,16.98,False,mid-range
B01LYQK0YX,sunglasses,SUNGAIT Ultra Lightweight Rectangular Polarized Sunglasses Men UV400 Protection,SUNGAIT,15.99,False,mid-range
B07GKQKW7W,sunglasses,Armani Exchange mens Ax4080s Square Sunglasses,Armani Exchange,50.25,False,premium
B09861YKDM,sunglasses,"WearMe Pro Nick Men's Polarized Sunglasses, Rounded Square Frame, UV400",WearMe Pro,49.0,False,premium
B0CMM89Y6Z,phone stand,Liphisy 64” Tripod for Cell Phone & Camera with Remote and Phone Holder,Liphisy,21.98,False,premium
B0FVTJN9Y2,phone stand,"Mophie 2-in-1 Wireless Charging Stand - Qi2-Certified, MagSafe Charger for iPhone & AirPods – Fast Charging Station with Adjustable Phone Stand & Cable Management – Up to 15W Power",,59.95,False,premium
B07F8S18D5,phone stand,"Nulaxy Full Aluminum Dual Folding Cell Phone Stand for Desk, Black",Nulaxy,9.99,False,budget
B0744DM3Y3,phone stand,"OMOTON C2 Adjustable Aluminum Cell Phone Stand with Charging Cutout, Silver",OMOTON,8.99,False,budget
B09MCKK9NX,phone stand,"Lamicall Cell Phone Stand for Desk, Height Angle Adjustable Phone Holder",Lamicall,9.99,False,budget
B0DXFFY4YV,phone stand,"71” Phone Tripod & Selfie Stick, Portable All in One Extendable Cell Phone Tripod Stand, with Wireless Remote Control for iPhone/Samsung/Android/Camera",RISEOFLE,11.99,False,mid-range
B08B3NHBJ4,phone stand,"Doboli Cell Phone Stand, Valentine's Day Gifts for Teens Girls Boys Adults Women Men Mom Wife, Phone Stand for Desk, Phone Holder Stand Compatible with iPhone and All Mobile Phones Tablet, Pink",Doboli,16.99,False,budget
B07Z82895W,phone stand,"LISEN Cell Phone Stand Phone Holder for Desk, Office Decor Gadgets for Men",LISEN,9.97,False,budget
B0FB349R8G,phone stand,"VIMOSE 66"" Phone Tripod, Tripod for iPhone with Remote & Phone Stand",Vimose,19.99,False,premium
B0HC34W1JG,phone stand,"Desk Phone Stand for Popsockets, Height Angle Adjustable Desk Phone Holder Compatible with Pop Socket Mount, Heavy Duty Phone Stand for Desk for Home, Suitable for All Mobile Phones with Popsocket",JCTRIWAY,18.99,False,mid-range
B0C6LNFHTP,phone stand,"UBeesize 92’’ Cell Phone Tripod Stand with 16.5’’ Gooseneck and Remote, Overhead Tripod with Adjustable 360°Ball Head & Phone Holder for iPhone17 Pro Max/Pro/Plus/ /16/15/14/13, Android Cell Phone",UBeesize,29.76,False,premium
B0CNTH3F7P,phone stand,3 in 1 Mag-Safe Wireless Charger Stand for iPhone Apple Watch AirPods,Ouotoo,17.94,False,mid-range
B08DTZM7LM,phone stand,"OCYCLONE Phone Stand for Desk, Foldable Cell Phone Stand Holder, Black",OCYCLONE,16.99,True,budget
B07TZYL4ST,phone stand,Desktop Cell Phone Stand Holder Multi-Angle Adjustable Phone Desk Stand Tablet Holder for iPhone 17 16 15 14 13 12 11 Pro Max XS XR Samsung Galaxy S22 S21 S20 S10 S9 Edge Android Smartphone,Uniwit,5.99,False,budget
B0DP42G526,phone stand,"Lamicall 360° Rotation Cell Phone Stand for Desk, Sturdy Phone Holder",Lamicall,7.99,False,budget
B09TQY66NH,phone stand,"SENSYNE 62"" Phone Tripod, Extendable Selfie Stick with Wireless Remote",SENSYNE,19.99,False,premium
B0HDJ2BB9S,phone stand,"NKNZLY 2 Pack Cell Phone Stand for Desk, Foldable Mobile Phone Holder-Black",NKNZLY,13.99,False,mid-range
B07BK5P5ST,phone stand,UGREEN Cell Phone Stand Holder for Desk Adjustable Compatible with iPhone 13 12 Pro Max 11 SE XS XR 8 Plus 6 7 Galaxy Note20 S20 S10 S9 S8 Foldable Black,UGREEN,8.54,False,budget
B0GLYVY43Y,phone stand,"USKEYVISION 69"" Magnetic Tripod for iPhone with Magnetic Light (MPT-04)",USKEYVISION,54.99,False,premium
B000RVYMWE,yamaha acoustic guitar,"Yamaha GL1 Guitalele, Natural, Baritone",,62.99,True,premium
B0GFFTFYDB,yamaha acoustic guitar,"Fender CN-25 3/4 Nylon String Acoustic Guitar for Kids, Natural",,129.99,False,premium
B09J4V4XFM,yamaha acoustic guitar,"38 in Guitar Acoustic Guitar Beginner kit Adult Cutaway Acoustic Guitar Guitarras Starter Set Bundle with Padded Gig Bag, Strap, Capo, Strings, Picks",Lankro,89.49,False,mid-range
B0CSM2MJ55,yamaha acoustic guitar,"Fender FA-25N 3/4 Nylon String Acoustic Guitar, Beginner Guitar, Natural",,125.99,False,premium
B0CN1JGYKQ,yamaha acoustic guitar,Gretsch Jim Dandy Parlor Acoustic Guitar - Frontier Stain,,249.99,False,premium
B07TJXQ1TL,yamaha acoustic guitar,Washburn Bella Tono Vite S9V Studio Cutaway Acoustic Electric Guitar (BTS9VCECH-D),Washburn,62.99,True,premium
B0GJFXF52B,yamaha acoustic guitar,"Fender CN-30 Nylon String 3/4-Size Acoustic Guitar, with 2-Year Warranty, Walnut Fingerboard, Natural",,199.99,False,premium
B08W1YKCH5,yamaha acoustic guitar,Ibanez AEG5012 12-string Acoustic-electric Guitar - Black,Ibanez,62.99,True,budget
B089P25CQ1,yamaha acoustic guitar,"Ashthorpe 38-inch Beginner Acoustic Guitar (Black), Starter Kit with Gig Bag, Extra Strings, Strap, Picks, and Lessons",Ashthorpe,62.99,False,mid-range
B0CN1L2BG8,yamaha acoustic guitar,Gretsch Jim Dandy Dreadnought Acoustic Guitar - Rex Burst,,62.99,True,premium
191445393X,yamaha acoustic guitar,"Guitar for Beginners, Volume 1: Easy Acoustic Guitar Lessons for Complete Beginners",by James Shipway (Author)  Format: Paperback,15.29,False,budget
B07YWLQ5F4,yamaha acoustic guitar,"Capo for 6-String Acoustic and Electric Guitar, Lightweight Quick Release Capo for Guitars, Ukulele, Bass, Mandolin, Banjo",RIJAHO,6.69,False,budget
B0H12BW67D,yamaha acoustic guitar,"Pyle 36-Inch Beginner Classical Acoustic Guitar Kit, 3/4 Size Junior Nylon String Guitar for Kids and Adults, Includes Gig Bag, Strap, Spare Strings, Picks, Cleaning Cloth, 18 Frets, Natural, Gloss",Pyle,72.99,False,mid-range
B0FX9FVSXQ,yamaha acoustic guitar,"Enya NOVA GO 35-Inch Carbon Fiber Travel Acoustic Guitar, White",enya,139.99,False,premium
B084BZH9PG,yamaha acoustic guitar,Ibanez AEG70L Left-Handed Acoustic-Electric Guitar - Tiger Burst High Gloss,Ibanez,62.99,True,budget
B009NNZOEW,yamaha acoustic guitar,Yamaha THR5A Mini Acoustic Guitar Amplifier with Cubase AI Production Software,,225.14,False,premium
B09FPFR2WY,yamaha acoustic guitar,"Guitar Cloths Ultrafine fiber suede (8-Pack 12""x12"") Plush Polishing Cloths for Musical Instruments Premium Polishing & Cleaning Cloths for Guitar Violin Piano Clarinet Trumpet Sax Universal",Hricane,15.99,False,budget
B0DMR1K61R,yamaha acoustic guitar,"Guitar Strap,Acoustic Electric Guitar,Available for All Guitars",Qivorimith,6.49,False,budget
B008BPI3AA,yamaha acoustic guitar,"D'Addario NS Tri-Action Guitar Capo, Black",D'Addario,25.99,False,mid-range
B00N4ZHPZ6,yamaha acoustic guitar,"Guitar Capo for Electric & Acoustic 6 String, 2 Pack",Nordic Essentials,16.79,False,budget
B07JR7Y8YD,yamaha acoustic guitar,"Traveler Guitar Escape Mark III Mahogany Acoustic Guitar | Portable Acoustic with Built-in Headphone Amp | Full 25.5"" Scale Headless Guitar | Custom Gig Bag Included",Traveler Guitar,499.99,False,premium
B089P1LLFS,yamaha acoustic guitar,"Ashthorpe 38-inch Beginner Acoustic Guitar (Blue), Starter Kit with Gig Bag, Extra Strings, Strap, Picks, and Lessons",Ashthorpe,62.99,False,mid-range
B07K7J4CMY,yamaha acoustic guitar,"Traveler Guitar Ultra-Light Acoustic Acoustic-Electric Guitar, Antique Brown",Traveler Guitar,299.99,False,premium
B0DJPYN19Z,yamaha acoustic guitar,"Pyle Beginner Acoustic Guitar Kit, 1/4 Junior Size All Wood Build Nylon Stringed Instrument with Capo, Strap, Extra String Set, Gig Bag, Guitars for Beginners Adults Youth, 30"" (Natural Gloss)",Pyle,52.99,False,mid-range
B0D2PNMDJZ,yamaha acoustic guitar,"Zager Easy Play Acoustic Guitar Strings – Fits Martin, Taylor, Yamaha, Fender & Gibson Guitars – Easy on Fingers, Anti-Rust, Warm Rich Tone",Zager,18.95,False,budget
B08T983G11,yamaha acoustic guitar,Guitar Work Mat Kit+Two Heights Guitar Neck Support Rest+Guitar String Winder and Cutter Tool - Guitar Workstation Repair Maintenance of String Instruments,Hricane,28.49,False,mid-range
B0FKGRDJ6T,yamaha acoustic guitar,VARMILO Toddler Girl Clothes Sets Fall Warm Sweatshirt Pants Long Sleeve Sweatsuits Winter Outfits Size 2-8 Years,VARMILO,19.99,False,budget
B0FMYTCWLK,yamaha acoustic guitar,"Guitar Capo, HooztPro Capo for Acoustic and Electric Guitars, acoustic guitar 6 string, Electric guitar capo, Kapo, Guitar capos(Black).",HooztPro,7.29,False,budget
B0849ZFBGS,yamaha acoustic guitar,Ibanez AEG50LBKH,Ibanez,62.99,True,premium
B07FYQP9ML,yamaha acoustic guitar,"Fender CD-60SCE All-Mahogany Dreadnought Cutaway Acoustic Electric Guitar, with 2-Year Warranty, Fishman Pickup and Preamp System, Natural",,62.99,True,premium
B0H28ZM4NL,yamaha acoustic guitar,"38 inch Black Acoustic Guitar Beginner Kits, 3/4 Cutaway Wood Acustica Guitarra for Beginners Adults with Online Lesson,Gig Bag,Picks,Steel Strings Strap with Picks Holder",BESYOU,79.99,False,mid-range
B079FRVSPH,yamaha acoustic guitar,"CAHAYA 41 In Acoustic Guitar Bag 0.35 In Thick Padding Water Resistent Soft Guitar Case Dual Adjustable Shoulder Strap Gig Bag with Back Hanger Loop, Black CY0152",CAHAYA,28.99,False,premium
B000OR2RNM,yamaha acoustic guitar,"D'Addario EJ16-3D Phosphor Bronze Acoustic Guitar Strings 12-53, 3 Sets",D'Addario,24.75,False,budget
B0CNK1JWPV,yamaha acoustic guitar,"Universal Guitar Stand with Secure Lock Neck Holder, Acoustic Guitar Stand Floor for Electric Guitars Bass Accessories Banjo Stand, Folding Tripod Guitar Stands for Single Guitars & Basses (1 PC)",Halostand,19.99,False,budget
B09XVLKGFT,yamaha acoustic guitar,"Yamaha THR30II Wireless Desktop Guitar Amp, White (THR30II WL WH)",,599.99,False,premium
B09WVZMKWG,yamaha acoustic guitar,"Guitar Wall Mount 2 Pack, Black Walnut Wood Guitar Hanger, U-Shaped Guitar Wall Hanger Mount, Guitar Holder Hook Stand Wall for Acoustic, Electric Guitar, Banjo, Bass, for Guitar Player Men Boy",Onmiwod,13.99,False,premium
B0H4HQ9XFN,yamaha acoustic guitar,"Pyle 30-Inch Beginner Acoustic Guitar Kit, 1/4 Size Junior Classical Nylon String Guitar for Kids and Adults, Includes Gig Bag, Strap, Spare Strings, Picks, Cleaning Cloth, Natural, Gloss",Pyle,71.95,False,mid-range
B07XJLD2BL,yamaha acoustic guitar,Yamaha THR30II Wireless Desktop Guitar Amp,,599.99,False,premium
B09XVKZD34,yamaha acoustic guitar,"Yamaha THR30II Wireless Desktop Guitar Amp, Black (THR30II WL BL)",,599.99,False,premium
B0DZ26C4PN,yamaha acoustic guitar,"38'' Wood Acoustic Guitar for Adults, 6 Steel-String Acoustic Guitar With Guitar Bag and Beginner Kits for Beginner",Huang Cheng Toys,89.99,False,premium
B0CW6KY2ZK,yamaha acoustic guitar,"Pyle Beginner Acoustic Guitar Kit, 1/4 Junior Size All Wood Instrument for Kids, Adults, 30"" Natural Ash",Pyle,72.99,False,mid-range
B0H4HT65QL,yamaha acoustic guitar,"Pyle 34-Inch Beginner Classical Guitar Kit, 1/2 Size Junior Nylon String Acoustic Guitar for Kids and Adults, Includes Gig Bag, Strap, Spare Strings, Picks, Tuner App, 2-Month Lessons, Black",Pyle,68.99,False,mid-range
B0F9P519ZM,yamaha acoustic guitar,"38inch Wood Acoustic Guitar for Adults, 6 Steel-String Acoustic Guitar With Guitar Bag, Elementary Tutorial of Folk Guitar for Beginners.",Abundant financial resources,89.99,False,premium
B00009J580,yamaha acoustic guitar,"Yamaha JR1 FG Junior 3/4 Size Acoustic Guitar, Natural",,62.99,True,premium
B0006ZAU22,yamaha acoustic guitar,"Washburn Deep Forest Burl ACE Acoustic Electric Guitar, Amber Fade (DFBACEA)",Washburn,62.99,True,budget
B088D7XQYT,yamaha acoustic guitar,Journey Instruments Solid Sitka Acoustic Collapsible Travel Guitar PJ410N,Journey Instruments,454.99,False,premium
B001U0OWTO,yamaha acoustic guitar,"HOHNER 6 String Acoustic Guitar, Right Handed, Natural (HAG250P)",Hohner,44.99,False,mid-range
B08GL4CW3B,yamaha acoustic guitar,"Fender Acoustic Junior Guitar Amplifier, with 2-Year Warranty",,383.99,False,premium
B004BXLVO6,yamaha acoustic guitar,"Pyle 30-Inch Beginner Acoustic Guitar Kit, 6-String Classical Style Travel Guitar for Kids & Adults - Includes Shoulder Strap, Strings, Picks, Tuning Pitch Pipe & Storage Gig Bag - Handcrafted Wood",Pyle,62.99,False,mid-range
B0GPNV3CTL,yamaha acoustic guitar,"GLARRY 41in Acoustic Electric Guitar, Unique Round-back Design, 6 String Cutaway Guitar Beginner Kit with 15W Amp, EQ, Bag, Strap, Picks, Strings (Black With AMP, Full-Right Handed)",GLARRY,62.99,True,mid-range
B0B7NGBTKH,yamaha acoustic guitar,"Vangoa Classical Guitar 3/4 Inch Acoustic Classical Guitar, 36 Inch Junior Size Nylon String Guitar Bundle Kit for Beginner Teens, Cedar Top",Vangoa,169.99,False,premium
B003GMP03Q,yamaha acoustic guitar,Yamaha FS50BT Acoustic Guitar Strings,,15.77,False,budget
B0991MYYH3,yamaha acoustic guitar,CAHAYA Guitar Stand Floor Folding Universal Adjustable Guitar Tripod Holder,CAHAYA,16.99,False,budget
B0BHX8JVNH,yamaha acoustic guitar,"Washburn Vintage Series 6 String Acoustic-Electric Guitar, Right, Tobacco Sunburst (WA90CEVSB)",Washburn,62.99,True,premium
B0014D8GTY,yamaha acoustic guitar,YAMAHA / FS-530 Medium Yamaha Acoustic Guitar Strings [1set],,12.59,False,budget
B0DMKBGWMP,yamaha acoustic guitar,"Moukey 38"" Acoustic Guitar for Beginners Kids Youth Adult Dreadnought Guitarra Acustica Kit with Chord Poster, Gig Bag, Tuner, Picks, Nylon Strings, Capo, Strap - Black",Moukey,47.99,False,mid-range
B0CH8YYMPK,yamaha acoustic guitar,21 Inch Wooden Acoustic Guitar Musical Instrument for Beginner (Blue),Jakeloo,37.99,False,mid-range
B0F31Z2349,yamaha acoustic guitar,38in Beginner Acoustic Guitar Basic Starter Kit Tuner Bag Capo Strings Winders Strap Picks Student Kids Guitar Pickguard with Gig Bag Sunburst,BESYOU,63.99,False,mid-range
B0CP2DT6SH,yamaha acoustic guitar,"Onmiwod Guitar Wall Mount, Auto Lock Walnut Wood Guitar Hanger, Guitar Wall Hangers, Guitar Holder Hook Wall Stand for Classical, Acoustic, Electric Guitar, Bass, Gift for Guitar Player",Onmiwod,16.99,False,premium
